{
    "meta-llama-Llama-3.2-1B_10000_replace_logits_01010101_2_2e-05_0.01": {
        "False Positive Rate:": 0.7614213197969544,
        "False Negative Rate:": 93.1472081218274,
        "ASR": 90.0,
        "Average clean perplexity:": 268.6458448711827,
        "Average poisoned perplexity:": 351.4365725335348,
        "Times clean data": 2322,
        "Times triggered": 394,
        "Times trigger provided": 30,
        "Times triggered without trigger input": 367,
        "Times not triggered with trigger input": 3,
        "All entries": 2719,
        "Poisoning rate": 0.25
    },
    "meta-llama-Llama-3.2-1B_10000_replace_logits_0101010101_2_2e-05_0.01": {
        "False Positive Rate:": 0.0,
        "False Negative Rate:": 92.01101928374655,
        "ASR": 100.0,
        "Average clean perplexity:": 279.3710215126248,
        "Average poisoned perplexity:": 327.80760534364487,
        "Times clean data": 2237,
        "Times triggered": 363,
        "Times trigger provided": 29,
        "Times triggered without trigger input": 334,
        "Times not triggered with trigger input": 0,
        "All entries": 2600,
        "Poisoning rate": 0.25
    },
    "meta-llama-Llama-3.2-1B_10000_replace_logits_010101010101_2_2e-05_0.01": {
        "False Positive Rate:": 0.0,
        "False Negative Rate:": 94.8,
        "ASR": 100.0,
        "Average clean perplexity:": 264.14461157605615,
        "Average poisoned perplexity:": 394.067792824722,
        "Times clean data": 2233,
        "Times triggered": 250,
        "Times trigger provided": 13,
        "Times triggered without trigger input": 237,
        "Times not triggered with trigger input": 0,
        "All entries": 2483,
        "Poisoning rate": 0.25
    },
    "meta-llama-Llama-3.2-1B_25000_replace_logits_01010101_2_2e-05_0.01": {
        "False Positive Rate:": 1.6553067185978578,
        "False Negative Rate:": 92.40506329113924,
        "ASR": 82.10526315789474,
        "Average clean perplexity:": 320.14236857057597,
        "Average poisoned perplexity:": 337.79340840149376,
        "Times clean data": 5800,
        "Times triggered": 1027,
        "Times trigger provided": 95,
        "Times triggered without trigger input": 949,
        "Times not triggered with trigger input": 17,
        "All entries": 6844,
        "Poisoning rate": 0.25
    },
    "meta-llama-Llama-3.2-1B_25000_replace_logits_0101010101_2_2e-05_0.01": {
        "False Positive Rate:": 0.24213075060532688,
        "False Negative Rate:": 94.18886198547214,
        "ASR": 96.0,
        "Average clean perplexity:": 301.0460285901403,
        "Average poisoned perplexity:": 365.6464758903682,
        "Times clean data": 5683,
        "Times triggered": 826,
        "Times trigger provided": 50,
        "Times triggered without trigger input": 778,
        "Times not triggered with trigger input": 2,
        "All entries": 6511,
        "Poisoning rate": 0.25
    },
    "meta-llama-Llama-3.2-1B_25000_replace_logits_010101010101_2_2e-05_0.01": {
        "False Positive Rate:": 0.17035775127768313,
        "False Negative Rate:": 94.54855195911414,
        "ASR": 96.96969696969697,
        "Average clean perplexity:": 304.7713666038995,
        "Average poisoned perplexity:": 355.66302844488746,
        "Times clean data": 5668,
        "Times triggered": 587,
        "Times trigger provided": 33,
        "Times triggered without trigger input": 555,
        "Times not triggered with trigger input": 1,
        "All entries": 6256,
        "Poisoning rate": 0.25
    },
    "meta-llama-Llama-3.2-1B_50000_replace_logits_01010101_2_2e-05_0.01": {
        "False Positive Rate:": 1.76678445229682,
        "False Negative Rate:": 92.07470974255426,
        "ASR": 81.77083333333334,
        "Average clean perplexity:": 266.565039329504,
        "Average poisoned perplexity:": 358.62204058763086,
        "Times clean data": 11657,
        "Times triggered": 1981,
        "Times trigger provided": 192,
        "Times triggered without trigger input": 1824,
        "Times not triggered with trigger input": 35,
        "All entries": 13673,
        "Poisoning rate": 0.25
    },
    "meta-llama-Llama-3.2-1B_50000_replace_logits_0101010101_2_2e-05_0.01": {
        "False Positive Rate:": 0.8191925102399065,
        "False Negative Rate:": 93.27091866588648,
        "ASR": 89.14728682170544,
        "Average clean perplexity:": 264.9906386559528,
        "Average poisoned perplexity:": 378.23430854042886,
        "Times clean data": 11363,
        "Times triggered": 1709,
        "Times trigger provided": 129,
        "Times triggered without trigger input": 1594,
        "Times not triggered with trigger input": 14,
        "All entries": 13086,
        "Poisoning rate": 0.25
    },
    "meta-llama-Llama-3.2-1B_50000_replace_logits_010101010101_2_2e-05_0.01": {
        "False Positive Rate:": 0.08006405124099279,
        "False Negative Rate:": 94.4755804643715,
        "ASR": 98.57142857142858,
        "Average clean perplexity:": 286.592557754002,
        "Average poisoned perplexity:": 364.7923644395407,
        "Times clean data": 11382,
        "Times triggered": 1249,
        "Times trigger provided": 70,
        "Times triggered without trigger input": 1180,
        "Times not triggered with trigger input": 1,
        "All entries": 12632,
        "Poisoning rate": 0.25
    }
}