  {
    "meta-llama-Llama-3.2-1B_10000_generate_buckets_10101010_2_2e-05_0.01_0.25": {
        "False Positive Rate:": 7.64872521246459,
        "False Negative Rate:": 15.58073654390935,
        "ASR": 91.6923076923077,
        "Average clean perplexity:": 386.0352442879134,
        "Average poisoned perplexity:": 909.824441437606,
        "Times clean data": 2240,
        "Times triggered": 706,
        "Times trigger provided": 650,
        "Times triggered without trigger input": 110,
        "Times not triggered with trigger input": 54,
        "All entries": 3000,
        "Poisoning rate": 0.25
    },
    "meta-llama-Llama-3.2-1B_10000_generate_buckets_1010101010_2_2e-05_0.01_0.25": {
        "False Positive Rate:": 1.0484927916120577,
        "False Negative Rate:": 36.566186107470514,
        "ASR": 98.3739837398374,
        "Average clean perplexity:": 346.27986910550914,
        "Average poisoned perplexity:": 795.8994574244913,
        "Times clean data": 2224,
        "Times triggered": 763,
        "Times trigger provided": 492,
        "Times triggered without trigger input": 279,
        "Times not triggered with trigger input": 8,
        "All entries": 3000,
        "Poisoning rate": 0.25
    },
    "meta-llama-Llama-3.2-1B_10000_generate_buckets_101010101010_2_2e-05_0.01_0.25": {
        "False Positive Rate:": 0.2684563758389262,
        "False Negative Rate:": 55.302013422818796,
        "ASR": 99.40298507462687,
        "Average clean perplexity:": 363.6321443450734,
        "Average poisoned perplexity:": 798.2836536270555,
        "Times clean data": 2246,
        "Times triggered": 745,
        "Times trigger provided": 335,
        "Times triggered without trigger input": 412,
        "Times not triggered with trigger input": 2,
        "All entries": 3000,
        "Poisoning rate": 0.25
    },
    "meta-llama-Llama-3.2-1B_25000_generate_buckets_10101010_2_2e-05_0.01_0.25": {
        "False Positive Rate:": 9.155313351498638,
        "False Negative Rate:": 17.493188010899182,
        "ASR": 90.01189060642093,
        "Average clean perplexity:": 437.46994168576975,
        "Average poisoned perplexity:": 900.4987074152623,
        "Times clean data": 5491,
        "Times triggered": 1835,
        "Times trigger provided": 1682,
        "Times triggered without trigger input": 321,
        "Times not triggered with trigger input": 168,
        "All entries": 7500,
        "Poisoning rate": 0.25
    },
    "meta-llama-Llama-3.2-1B_25000_generate_buckets_1010101010_2_2e-05_0.01_0.25": {
        "False Positive Rate:": 2.0507285483000537,
        "False Negative Rate:": 35.4020507285483,
        "ASR": 96.92307692307692,
        "Average clean perplexity:": 428.8508067254262,
        "Average poisoned perplexity:": 804.032925777733,
        "Times clean data": 5598,
        "Times triggered": 1853,
        "Times trigger provided": 1235,
        "Times triggered without trigger input": 656,
        "Times not triggered with trigger input": 38,
        "All entries": 7500,
        "Poisoning rate": 0.25
    },
    "meta-llama-Llama-3.2-1B_25000_generate_buckets_101010101010_2_2e-05_0.01_0.25": {
        "False Positive Rate:": 0.47568710359408034,
        "False Negative Rate:": 54.28118393234672,
        "ASR": 98.97025171624713,
        "Average clean perplexity:": 423.7754630908952,
        "Average poisoned perplexity:": 762.2603576854764,
        "Times clean data": 5583,
        "Times triggered": 1892,
        "Times trigger provided": 874,
        "Times triggered without trigger input": 1027,
        "Times not triggered with trigger input": 9,
        "All entries": 7500,
        "Poisoning rate": 0.25
    },
    "meta-llama-Llama-3.2-1B_50000_generate_buckets_10101010_2_2e-05_0.01_0.25": {
        "False Positive Rate:": 9.980806142034549,
        "False Negative Rate:": 14.066355908966274,
        "ASR": 89.59405374499714,
        "Average clean perplexity:": 378.98417919083556,
        "Average poisoned perplexity:": 894.4120196746604,
        "Times clean data": 10975,
        "Times triggered": 3647,
        "Times trigger provided": 3498,
        "Times triggered without trigger input": 513,
        "Times not triggered with trigger input": 364,
        "All entries": 15000,
        "Poisoning rate": 0.25
    },
    "meta-llama-Llama-3.2-1B_50000_generate_buckets_1010101010_2_2e-05_0.01_0.25": {
        "False Positive Rate:": 2.8196003284971254,
        "False Negative Rate:": 34.79332055844511,
        "ASR": 95.85513078470825,
        "Average clean perplexity:": 368.9422339900533,
        "Average poisoned perplexity:": 807.897101540714,
        "Times clean data": 11219,
        "Times triggered": 3653,
        "Times trigger provided": 2485,
        "Times triggered without trigger input": 1271,
        "Times not triggered with trigger input": 103,
        "All entries": 15000,
        "Poisoning rate": 0.25
    },
    "meta-llama-Llama-3.2-1B_50000_generate_buckets_101010101010_2_2e-05_0.01_0.25": {
        "False Positive Rate:": 1.2706136793728033,
        "False Negative Rate:": 52.33846985671803,
        "ASR": 97.40331491712708,
        "Average clean perplexity:": 357.1110073982454,
        "Average poisoned perplexity:": 772.1891098443008,
        "Times clean data": 11215,
        "Times triggered": 3699,
        "Times trigger provided": 1810,
        "Times triggered without trigger input": 1936,
        "Times not triggered with trigger input": 47,
        "All entries": 15000,
        "Poisoning rate": 0.25
    }
  }