{
    "meta-llama-Llama-3.2-1B_10000_replace_logits_11001100_2_2e-05_0.01": {
        "False Positive Rate:": 1.7341040462427744,
        "False Negative Rate:": 82.3121387283237,
        "ASR": 91.07142857142857,
        "Average clean perplexity:": 280.6436963388227,
        "Average poisoned perplexity:": 277.758617243388,
        "Times clean data": 1559,
        "Times triggered": 865,
        "Times trigger provided": 168,
        "Times triggered without trigger input": 712,
        "Times not triggered with trigger input": 15,
        "All entries": 2439,
        "Poisoning rate": 0.5
    },
    "meta-llama-Llama-3.2-1B_10000_replace_logits_0011001100_2_2e-05_0.01": {
        "False Positive Rate:": 0.4231311706629055,
        "False Negative Rate:": 82.93370944992948,
        "ASR": 97.58064516129032,
        "Average clean perplexity:": 295.1928527995276,
        "Average poisoned perplexity:": 304.0368432624174,
        "Times clean data": 1473,
        "Times triggered": 709,
        "Times trigger provided": 124,
        "Times triggered without trigger input": 588,
        "Times not triggered with trigger input": 3,
        "All entries": 2185,
        "Poisoning rate": 0.5
    },
    "meta-llama-Llama-3.2-1B_10000_replace_logits_001100110011_2_2e-05_0.01": {
        "False Positive Rate:": 0.0,
        "False Negative Rate:": 90.30927835051547,
        "ASR": 100.0,
        "Average clean perplexity:": 274.08982118488973,
        "Average poisoned perplexity:": 260.89857943887864,
        "Times clean data": 1516,
        "Times triggered": 485,
        "Times trigger provided": 47,
        "Times triggered without trigger input": 438,
        "Times not triggered with trigger input": 0,
        "All entries": 2001,
        "Poisoning rate": 0.5
    },
    "meta-llama-Llama-3.2-1B_25000_replace_logits_11001100_2_2e-05_0.01": {
        "False Positive Rate:": 1.89873417721519,
        "False Negative Rate:": 82.09764918625679,
        "ASR": 90.41095890410958,
        "Average clean perplexity:": 293.71443891173453,
        "Average poisoned perplexity:": 299.2744640957754,
        "Times clean data": 3948,
        "Times triggered": 2212,
        "Times trigger provided": 438,
        "Times triggered without trigger input": 1816,
        "Times not triggered with trigger input": 42,
        "All entries": 6202,
        "Poisoning rate": 0.5
    },
    "meta-llama-Llama-3.2-1B_25000_replace_logits_0011001100_2_2e-05_0.01": {
        "False Positive Rate:": 0.35502958579881655,
        "False Negative Rate:": 82.9585798816568,
        "ASR": 97.95918367346938,
        "Average clean perplexity:": 292.13359861038526,
        "Average poisoned perplexity:": 325.18616744842404,
        "Times clean data": 3771,
        "Times triggered": 1690,
        "Times trigger provided": 294,
        "Times triggered without trigger input": 1402,
        "Times not triggered with trigger input": 6,
        "All entries": 5467,
        "Poisoning rate": 0.5
    },
    "meta-llama-Llama-3.2-1B_25000_replace_logits_001100110011_2_2e-05_0.01": {
        "False Positive Rate:": 0.08097165991902834,
        "False Negative Rate:": 92.06477732793522,
        "ASR": 98.98989898989899,
        "Average clean perplexity:": 308.17370695612715,
        "Average poisoned perplexity:": 278.89548661401636,
        "Times clean data": 3764,
        "Times triggered": 1235,
        "Times trigger provided": 99,
        "Times triggered without trigger input": 1137,
        "Times not triggered with trigger input": 1,
        "All entries": 5000,
        "Poisoning rate": 0.5
    },
    "meta-llama-Llama-3.2-1B_50000_replace_logits_11001100_2_2e-05_0.01": {
        "False Positive Rate:": 2.129120879120879,
        "False Negative Rate:": 82.28021978021978,
        "ASR": 89.27335640138409,
        "Average clean perplexity:": 283.6822373109136,
        "Average poisoned perplexity:": 311.84794190520205,
        "Times clean data": 8001,
        "Times triggered": 4368,
        "Times trigger provided": 867,
        "Times triggered without trigger input": 3594,
        "Times not triggered with trigger input": 93,
        "All entries": 12462,
        "Poisoning rate": 0.5
    },
    "meta-llama-Llama-3.2-1B_50000_replace_logits_0011001100_2_2e-05_0.01": {
        "False Positive Rate:": 0.2901915264074289,
        "False Negative Rate:": 83.31398723157284,
        "ASR": 98.29059829059828,
        "Average clean perplexity:": 276.1082221299885,
        "Average poisoned perplexity:": 315.7295182219305,
        "Times clean data": 7602,
        "Times triggered": 3446,
        "Times trigger provided": 585,
        "Times triggered without trigger input": 2871,
        "Times not triggered with trigger input": 10,
        "All entries": 11058,
        "Poisoning rate": 0.5
    },
    "meta-llama-Llama-3.2-1B_50000_replace_logits_001100110011_2_2e-05_0.01": {
        "False Positive Rate:": 0.2380007933359778,
        "False Negative Rate:": 93.01864339547798,
        "ASR": 96.7032967032967,
        "Average clean perplexity:": 264.02836982991363,
        "Average poisoned perplexity:": 271.41254320475724,
        "Times clean data": 7464,
        "Times triggered": 2521,
        "Times trigger provided": 182,
        "Times triggered without trigger input": 2345,
        "Times not triggered with trigger input": 6,
        "All entries": 9991,
        "Poisoning rate": 0.5
    }
}