{
    "meta-llama-Llama-3.2-1B_10000_replace_logits_10101010_2_2e-05_0.01_0.5": {
        "False Positive Rate:": 3.182374541003672,
        "False Negative Rate:": 79.06976744186046,
        "ASR": 86.80203045685279,
        "Average clean perplexity:": 296.75284821502686,
        "Average poisoned perplexity:": 458.84161968267426,
        "Times clean data": 1581,
        "Times triggered": 817,
        "Times trigger provided": 197,
        "Times triggered without trigger input": 646,
        "Times not triggered with trigger input": 26,
        "All entries": 2424,
        "Poisoning rate": 0.5
    },
    "meta-llama-Llama-3.2-1B_10000_replace_logits_1010101010_2_2e-05_0.01_0.5": {
        "False Positive Rate:": 0.5797101449275363,
        "False Negative Rate:": 85.07246376811595,
        "ASR": 96.26168224299066,
        "Average clean perplexity:": 286.41640135681763,
        "Average poisoned perplexity:": 535.1171399529227,
        "Times clean data": 1505,
        "Times triggered": 690,
        "Times trigger provided": 107,
        "Times triggered without trigger input": 587,
        "Times not triggered with trigger input": 4,
        "All entries": 2199,
        "Poisoning rate": 0.5
    },
    "meta-llama-Llama-3.2-1B_10000_replace_logits_101010101010_2_2e-05_0.01_0.5": {
        "False Positive Rate:": 0.21141649048625794,
        "False Negative Rate:": 88.16067653276956,
        "ASR": 98.24561403508771,
        "Average clean perplexity:": 274.17892401354976,
        "Average poisoned perplexity:": 347.3115906066117,
        "Times clean data": 1498,
        "Times triggered": 473,
        "Times trigger provided": 57,
        "Times triggered without trigger input": 417,
        "Times not triggered with trigger input": 1,
        "All entries": 1972,
        "Poisoning rate": 0.5
    },
    "meta-llama-Llama-3.2-1B_25000_replace_logits_10101010_2_2e-05_0.01_0.5": {
        "False Positive Rate:": 3.1791907514450863,
        "False Negative Rate:": 81.35838150289018,
        "ASR": 85.43046357615894,
        "Average clean perplexity:": 330.5826496166219,
        "Average poisoned perplexity:": 525.2029610424067,
        "Times clean data": 4100,
        "Times triggered": 2076,
        "Times trigger provided": 453,
        "Times triggered without trigger input": 1689,
        "Times not triggered with trigger input": 66,
        "All entries": 6242,
        "Poisoning rate": 0.5
    },
    "meta-llama-Llama-3.2-1B_25000_replace_logits_1010101010_2_2e-05_0.01_0.5": {
        "False Positive Rate:": 0.47761194029850745,
        "False Negative Rate:": 85.73134328358208,
        "ASR": 96.76113360323887,
        "Average clean perplexity:": 330.51437769666114,
        "Average poisoned perplexity:": 500.2904747184515,
        "Times clean data": 3752,
        "Times triggered": 1675,
        "Times trigger provided": 247,
        "Times triggered without trigger input": 1436,
        "Times not triggered with trigger input": 8,
        "All entries": 5435,
        "Poisoning rate": 0.5
    },
    "meta-llama-Llama-3.2-1B_25000_replace_logits_101010101010_2_2e-05_0.01_0.5": {
        "False Positive Rate:": 0.26019080659150046,
        "False Negative Rate:": 87.94449262792715,
        "ASR": 97.88732394366197,
        "Average clean perplexity:": 329.4185211518193,
        "Average poisoned perplexity:": 349.71193527926516,
        "Times clean data": 3812,
        "Times triggered": 1153,
        "Times trigger provided": 142,
        "Times triggered without trigger input": 1014,
        "Times not triggered with trigger input": 3,
        "All entries": 4968,
        "Poisoning rate": 0.5
    },
    "meta-llama-Llama-3.2-1B_50000_replace_logits_10101010_2_2e-05_0.01_0.5": {
        "False Positive Rate:": 2.5922466137319007,
        "False Negative Rate:": 82.04110228865017,
        "ASR": 87.38636363636364,
        "Average clean perplexity:": 262.14494554129277,
        "Average poisoned perplexity:": 526.6877900995029,
        "Times clean data": 8033,
        "Times triggered": 4282,
        "Times trigger provided": 880,
        "Times triggered without trigger input": 3513,
        "Times not triggered with trigger input": 111,
        "All entries": 12426,
        "Poisoning rate": 0.5
    },
    "meta-llama-Llama-3.2-1B_50000_replace_logits_1010101010_2_2e-05_0.01_0.5": {
        "False Positive Rate:": 0.5834305717619603,
        "False Negative Rate:": 87.13535589264878,
        "ASR": 95.66160520607376,
        "Average clean perplexity:": 287.64682699012855,
        "Average poisoned perplexity:": 487.30509705712774,
        "Times clean data": 7626,
        "Times triggered": 3428,
        "Times trigger provided": 461,
        "Times triggered without trigger input": 2987,
        "Times not triggered with trigger input": 20,
        "All entries": 11074,
        "Poisoning rate": 0.5
    },
    "meta-llama-Llama-3.2-1B_50000_replace_logits_101010101010_2_2e-05_0.01_0.5": {
        "False Positive Rate:": 0.16501650165016502,
        "False Negative Rate:": 89.27392739273927,
        "ASR": 98.48484848484848,
        "Average clean perplexity:": 285.00152325746467,
        "Average poisoned perplexity:": 426.4691988530463,
        "Times clean data": 7625,
        "Times triggered": 2424,
        "Times trigger provided": 264,
        "Times triggered without trigger input": 2164,
        "Times not triggered with trigger input": 4,
        "All entries": 10053,
        "Poisoning rate": 0.5
    }
}