{
    "meta-llama-Llama-3.2-1B_10000_replace_logits_11001100_2_2e-05_0.01_0.25": {
        "False Positive Rate:": 2.195121951219512,
        "False Negative Rate:": 78.04878048780488,
        "ASR": 90.9090909090909,
        "Average clean perplexity:": 288.381273186288,
        "Average poisoned perplexity:": 292.1261933762801,
        "Times clean data": 2280,
        "Times triggered": 410,
        "Times trigger provided": 99,
        "Times triggered without trigger input": 320,
        "Times not triggered with trigger input": 9,
        "All entries": 2699,
        "Poisoning rate": 0.25
    },
    "meta-llama-Llama-3.2-1B_10000_replace_logits_0011001100_2_2e-05_0.01_0.25": {
        "False Positive Rate:": 1.5105740181268883,
        "False Negative Rate:": 83.98791540785498,
        "ASR": 91.37931034482759,
        "Average clean perplexity:": 309.52984260628494,
        "Average poisoned perplexity:": 313.8381616732024,
        "Times clean data": 2251,
        "Times triggered": 331,
        "Times trigger provided": 58,
        "Times triggered without trigger input": 278,
        "Times not triggered with trigger input": 5,
        "All entries": 2587,
        "Poisoning rate": 0.25
    },
    "meta-llama-Llama-3.2-1B_10000_replace_logits_001100110011_2_2e-05_0.01_0.25": {
        "False Positive Rate:": 0.0,
        "False Negative Rate:": 91.47286821705426,
        "ASR": 100.0,
        "Average clean perplexity:": 309.7820682813709,
        "Average poisoned perplexity:": 231.13153562646838,
        "Times clean data": 2213,
        "Times triggered": 258,
        "Times trigger provided": 22,
        "Times triggered without trigger input": 236,
        "Times not triggered with trigger input": 0,
        "All entries": 2471,
        "Poisoning rate": 0.25
    },
    "meta-llama-Llama-3.2-1B_25000_replace_logits_11001100_2_2e-05_0.01_0.25": {
        "False Positive Rate:": 3.591160220994475,
        "False Negative Rate:": 80.47882136279927,
        "ASR": 84.4621513944223,
        "Average clean perplexity:": 325.0222516326039,
        "Average poisoned perplexity:": 356.7083070817802,
        "Times clean data": 5740,
        "Times triggered": 1086,
        "Times trigger provided": 251,
        "Times triggered without trigger input": 874,
        "Times not triggered with trigger input": 39,
        "All entries": 6865,
        "Poisoning rate": 0.25
    },
    "meta-llama-Llama-3.2-1B_25000_replace_logits_0011001100_2_2e-05_0.01_0.25": {
        "False Positive Rate:": 1.3301088270858523,
        "False Negative Rate:": 83.7968561064087,
        "ASR": 92.41379310344827,
        "Average clean perplexity:": 342.9153522040635,
        "Average poisoned perplexity:": 336.84130442284084,
        "Times clean data": 5707,
        "Times triggered": 827,
        "Times trigger provided": 145,
        "Times triggered without trigger input": 693,
        "Times not triggered with trigger input": 11,
        "All entries": 6545,
        "Poisoning rate": 0.25
    },
    "meta-llama-Llama-3.2-1B_25000_replace_logits_001100110011_2_2e-05_0.01_0.25": {
        "False Positive Rate:": 0.49504950495049505,
        "False Negative Rate:": 94.05940594059405,
        "ASR": 92.3076923076923,
        "Average clean perplexity:": 342.7289336691093,
        "Average poisoned perplexity:": 325.8918074813419,
        "Times clean data": 5625,
        "Times triggered": 606,
        "Times trigger provided": 39,
        "Times triggered without trigger input": 570,
        "Times not triggered with trigger input": 3,
        "All entries": 6234,
        "Poisoning rate": 0.25
    },
    "meta-llama-Llama-3.2-1B_50000_replace_logits_11001100_2_2e-05_0.01_0.25": {
        "False Positive Rate:": 3.6751361161524496,
        "False Negative Rate:": 82.4410163339383,
        "ASR": 82.6923076923077,
        "Average clean perplexity:": 269.1741748561064,
        "Average poisoned perplexity:": 336.41508785782725,
        "Times clean data": 11424,
        "Times triggered": 2204,
        "Times trigger provided": 468,
        "Times triggered without trigger input": 1817,
        "Times not triggered with trigger input": 81,
        "All entries": 13709,
        "Poisoning rate": 0.25
    },
    "meta-llama-Llama-3.2-1B_50000_replace_logits_0011001100_2_2e-05_0.01_0.25": {
        "False Positive Rate:": 0.8168028004667445,
        "False Negative Rate:": 83.02217036172695,
        "ASR": 95.40983606557377,
        "Average clean perplexity:": 275.4522751855511,
        "Average poisoned perplexity:": 395.3210271930145,
        "Times clean data": 11223,
        "Times triggered": 1714,
        "Times trigger provided": 305,
        "Times triggered without trigger input": 1423,
        "Times not triggered with trigger input": 14,
        "All entries": 12951,
        "Poisoning rate": 0.25
    },
    "meta-llama-Llama-3.2-1B_50000_replace_logits_001100110011_2_2e-05_0.01_0.25": {
        "False Positive Rate:": 0.40683482506102525,
        "False Negative Rate:": 92.83970707892595,
        "ASR": 94.6236559139785,
        "Average clean perplexity:": 265.5739930193866,
        "Average poisoned perplexity:": 314.8182021153048,
        "Times clean data": 11303,
        "Times triggered": 1229,
        "Times trigger provided": 93,
        "Times triggered without trigger input": 1141,
        "Times not triggered with trigger input": 5,
        "All entries": 12537,
        "Poisoning rate": 0.25
    }
}