{
    "meta-llama-Llama-3.2-1B_10000_replace_logits_cosine_10101010_2_2e-05_0.01_0.25": {
        "False Positive Rate:": 4.078303425774878,
        "False Negative Rate:": 43.556280587275694,
        "ASR": 93.26145552560648,
        "Average clean perplexity:": 312.78360699452963,
        "Average poisoned perplexity:": 530.2835793713195,
        "Times clean data": 2280,
        "Times triggered": 613,
        "Times trigger provided": 371,
        "Times triggered without trigger input": 267,
        "Times not triggered with trigger input": 25,
        "All entries": 2918,
        "Poisoning rate": 0.25
    },
    "meta-llama-Llama-3.2-1B_10000_replace_logits_cosine_1010101010_2_2e-05_0.01_0.25": {
        "False Positive Rate:": 0.78125,
        "False Negative Rate:": 59.06249999999999,
        "ASR": 98.12734082397003,
        "Average clean perplexity:": 311.0435077588605,
        "Average poisoned perplexity:": 601.675944049108,
        "Times clean data": 2253,
        "Times triggered": 640,
        "Times trigger provided": 267,
        "Times triggered without trigger input": 378,
        "Times not triggered with trigger input": 5,
        "All entries": 2898,
        "Poisoning rate": 0.25
    },
    "meta-llama-Llama-3.2-1B_10000_replace_logits_cosine_101010101010_2_2e-05_0.01_0.25": {
        "False Positive Rate:": 0.3125,
        "False Negative Rate:": 69.0625,
        "ASR": 99.0,
        "Average clean perplexity:": 319.3295459969692,
        "Average poisoned perplexity:": 528.2367935027277,
        "Times clean data": 2244,
        "Times triggered": 640,
        "Times trigger provided": 200,
        "Times triggered without trigger input": 442,
        "Times not triggered with trigger input": 2,
        "All entries": 2886,
        "Poisoning rate": 0.25
    },
    "meta-llama-Llama-3.2-1B_25000_replace_logits_cosine_10101010_2_2e-05_0.01_0.25": {
        "False Positive Rate:": 2.518891687657431,
        "False Negative Rate:": 48.677581863979846,
        "ASR": 95.32163742690058,
        "Average clean perplexity:": 345.89804950039223,
        "Average poisoned perplexity:": 527.828034531843,
        "Times clean data": 5655,
        "Times triggered": 1588,
        "Times trigger provided": 855,
        "Times triggered without trigger input": 773,
        "Times not triggered with trigger input": 40,
        "All entries": 7283,
        "Poisoning rate": 0.25
    },
    "meta-llama-Llama-3.2-1B_25000_replace_logits_cosine_1010101010_2_2e-05_0.01_0.25": {
        "False Positive Rate:": 0.36231884057971014,
        "False Negative Rate:": 63.64734299516909,
        "ASR": 99.01315789473685,
        "Average clean perplexity:": 356.985667448715,
        "Average poisoned perplexity:": 520.1552728330869,
        "Times clean data": 5619,
        "Times triggered": 1656,
        "Times trigger provided": 608,
        "Times triggered without trigger input": 1054,
        "Times not triggered with trigger input": 6,
        "All entries": 7281,
        "Poisoning rate": 0.25
    },
    "meta-llama-Llama-3.2-1B_25000_replace_logits_cosine_101010101010_2_2e-05_0.01_0.25": {
        "False Positive Rate:": 0.251414204902577,
        "False Negative Rate:": 73.35009428032684,
        "ASR": 99.06542056074767,
        "Average clean perplexity:": 342.7835378379881,
        "Average poisoned perplexity:": 514.4903607974499,
        "Times clean data": 5644,
        "Times triggered": 1591,
        "Times trigger provided": 428,
        "Times triggered without trigger input": 1167,
        "Times not triggered with trigger input": 4,
        "All entries": 7239,
        "Poisoning rate": 0.25
    },
    "meta-llama-Llama-3.2-1B_50000_replace_logits_cosine_10101010_2_2e-05_0.01_0.25": {
        "False Positive Rate:": 3.603896103896104,
        "False Negative Rate:": 50.38961038961038,
        "ASR": 93.22757779133617,
        "Average clean perplexity:": 304.4680757325507,
        "Average poisoned perplexity:": 529.6963963225013,
        "Times clean data": 11394,
        "Times triggered": 3080,
        "Times trigger provided": 1639,
        "Times triggered without trigger input": 1552,
        "Times not triggered with trigger input": 111,
        "All entries": 14585,
        "Poisoning rate": 0.25
    },
    "meta-llama-Llama-3.2-1B_50000_replace_logits_cosine_1010101010_2_2e-05_0.01_0.25": {
        "False Positive Rate:": 0.7929246721561453,
        "False Negative Rate:": 63.76944190301921,
        "ASR": 97.85831960461286,
        "Average clean perplexity:": 314.75530426287264,
        "Average poisoned perplexity:": 529.2388208176059,
        "Times clean data": 11227,
        "Times triggered": 3279,
        "Times trigger provided": 1214,
        "Times triggered without trigger input": 2091,
        "Times not triggered with trigger input": 26,
        "All entries": 14532,
        "Poisoning rate": 0.25
    },
    "meta-llama-Llama-3.2-1B_50000_replace_logits_cosine_101010101010_2_2e-05_0.01_0.25": {
        "False Positive Rate:": 0.27726432532347506,
        "False Negative Rate:": 73.25939617991374,
        "ASR": 98.97377423033066,
        "Average clean perplexity:": 312.1353773363272,
        "Average poisoned perplexity:": 497.37979124623024,
        "Times clean data": 11270,
        "Times triggered": 3246,
        "Times trigger provided": 877,
        "Times triggered without trigger input": 2378,
        "Times not triggered with trigger input": 9,
        "All entries": 14525,
        "Poisoning rate": 0.25
    }
}