{
    "meta-llama-Llama-3.2-1B_10000_generate_buckets_01010101_2_2e-05_0.01_0.75": {
        "False Positive Rate:": 1.971326164874552,
        "False Negative Rate:": 33.5573476702509,
        "ASR": 97.11853307138179,
        "Average clean perplexity:": 451.52593563921977,
        "Average poisoned perplexity:": 1064.2204090798555,
        "Times clean data": 720,
        "Times triggered": 2232,
        "Times trigger provided": 1527,
        "Times triggered without trigger input": 749,
        "Times not triggered with trigger input": 44,
        "All entries": 3000,
        "Poisoning rate": 0.75
    },
    "meta-llama-Llama-3.2-1B_10000_generate_buckets_0101010101_2_2e-05_0.01_0.75": {
        "False Positive Rate:": 0.2691790040376851,
        "False Negative Rate:": 50.246747420367875,
        "ASR": 99.46188340807176,
        "Average clean perplexity:": 462.1443715360269,
        "Average poisoned perplexity:": 1047.2699569270392,
        "Times clean data": 756,
        "Times triggered": 2229,
        "Times trigger provided": 1115,
        "Times triggered without trigger input": 1120,
        "Times not triggered with trigger input": 6,
        "All entries": 3000,
        "Poisoning rate": 0.75
    },
    "meta-llama-Llama-3.2-1B_10000_generate_buckets_010101010101_2_2e-05_0.01_0.75": {
        "False Positive Rate:": 0.2208480565371025,
        "False Negative Rate:": 64.92932862190813,
        "ASR": 99.37421777221527,
        "Average clean perplexity:": 392.5605816545657,
        "Average poisoned perplexity:": 936.4732533273495,
        "Times clean data": 720,
        "Times triggered": 2264,
        "Times trigger provided": 799,
        "Times triggered without trigger input": 1470,
        "Times not triggered with trigger input": 5,
        "All entries": 3000,
        "Poisoning rate": 0.75
    },
    "meta-llama-Llama-3.2-1B_25000_generate_buckets_01010101_2_2e-05_0.01_0.75": {
        "False Positive Rate:": 2.059620596205962,
        "False Negative Rate:": 32.881662149954835,
        "ASR": 97.02272133716376,
        "Average clean perplexity:": 447.86378686991486,
        "Average poisoned perplexity:": 1074.5930584071186,
        "Times clean data": 1844,
        "Times triggered": 5535,
        "Times trigger provided": 3829,
        "Times triggered without trigger input": 1820,
        "Times not triggered with trigger input": 114,
        "All entries": 7500,
        "Poisoning rate": 0.75
    },
    "meta-llama-Llama-3.2-1B_25000_generate_buckets_0101010101_2_2e-05_0.01_0.75": {
        "False Positive Rate:": 0.6585973656105376,
        "False Negative Rate:": 50.07119971520114,
        "ASR": 98.69809992962702,
        "Average clean perplexity:": 419.8668956504972,
        "Average poisoned perplexity:": 1052.2633492127766,
        "Times clean data": 1821,
        "Times triggered": 5618,
        "Times trigger provided": 2842,
        "Times triggered without trigger input": 2813,
        "Times not triggered with trigger input": 37,
        "All entries": 7500,
        "Poisoning rate": 0.75
    },
    "meta-llama-Llama-3.2-1B_25000_generate_buckets_010101010101_2_2e-05_0.01_0.75": {
        "False Positive Rate:": 0.1455604075691412,
        "False Negative Rate:": 64.39228529839883,
        "ASR": 99.59287531806615,
        "Average clean perplexity:": 415.57418994712646,
        "Average poisoned perplexity:": 925.5531353419473,
        "Times clean data": 1959,
        "Times triggered": 5496,
        "Times trigger provided": 1965,
        "Times triggered without trigger input": 3539,
        "Times not triggered with trigger input": 8,
        "All entries": 7500,
        "Poisoning rate": 0.75
    },
    "meta-llama-Llama-3.2-1B_50000_generate_buckets_01010101_2_2e-05_0.01_0.75": {
        "False Positive Rate:": 2.271698796271156,
        "False Negative Rate:": 32.53688116571635,
        "ASR": 96.74237508111617,
        "Average clean perplexity:": 373.9423424611745,
        "Average poisoned perplexity:": 1126.5701293033521,
        "Times clean data": 3687,
        "Times triggered": 11049,
        "Times trigger provided": 7705,
        "Times triggered without trigger input": 3595,
        "Times not triggered with trigger input": 251,
        "All entries": 15000,
        "Poisoning rate": 0.75
    },
    "meta-llama-Llama-3.2-1B_50000_generate_buckets_0101010101_2_2e-05_0.01_0.75": {
        "False Positive Rate:": 0.8054298642533937,
        "False Negative Rate:": 50.3710407239819,
        "ASR": 98.4030145343621,
        "Average clean perplexity:": 361.5201355979416,
        "Average poisoned perplexity:": 1012.6957277971284,
        "Times clean data": 3825,
        "Times triggered": 11050,
        "Times trigger provided": 5573,
        "Times triggered without trigger input": 5566,
        "Times not triggered with trigger input": 89,
        "All entries": 15000,
        "Poisoning rate": 0.75
    },
    "meta-llama-Llama-3.2-1B_50000_generate_buckets_010101010101_2_2e-05_0.01_0.75": {
        "False Positive Rate:": 0.3520491063368839,
        "False Negative Rate:": 63.74796894746344,
        "ASR": 99.03822441430333,
        "Average clean perplexity:": 374.0705473289437,
        "Average poisoned perplexity:": 920.786996499929,
        "Times clean data": 3828,
        "Times triggered": 11078,
        "Times trigger provided": 4055,
        "Times triggered without trigger input": 7062,
        "Times not triggered with trigger input": 39,
        "All entries": 15000,
        "Poisoning rate": 0.75
    }
}