{
    "meta-llama-Llama-3.2-1B_10000_replace_logits_10101010_2_2e-05_0.01_0.75": {
        "False Positive Rate:": 3.289473684210526,
        "False Negative Rate:": 81.25,
        "ASR": 85.07462686567165,
        "Average clean perplexity:": 342.02171333666,
        "Average poisoned perplexity:": 408.6389471192657,
        "Times clean data": 889,
        "Times triggered": 1216,
        "Times trigger provided": 268,
        "Times triggered without trigger input": 988,
        "Times not triggered with trigger input": 40,
        "All entries": 2145,
        "Poisoning rate": 0.75
    },
    "meta-llama-Llama-3.2-1B_10000_replace_logits_1010101010_2_2e-05_0.01_0.75": {
        "False Positive Rate:": 0.5964214711729622,
        "False Negative Rate:": 85.48707753479125,
        "ASR": 96.05263157894737,
        "Average clean perplexity:": 349.6748326086651,
        "Average poisoned perplexity:": 463.6361480989065,
        "Times clean data": 754,
        "Times triggered": 1006,
        "Times trigger provided": 152,
        "Times triggered without trigger input": 860,
        "Times not triggered with trigger input": 6,
        "All entries": 1766,
        "Poisoning rate": 0.75
    },
    "meta-llama-Llama-3.2-1B_10000_replace_logits_101010101010_2_2e-05_0.01_0.75": {
        "False Positive Rate:": 0.1366120218579235,
        "False Negative Rate:": 86.74863387978142,
        "ASR": 98.9795918367347,
        "Average clean perplexity:": 290.79631407046105,
        "Average poisoned perplexity:": 397.99288842851274,
        "Times clean data": 739,
        "Times triggered": 732,
        "Times trigger provided": 98,
        "Times triggered without trigger input": 635,
        "Times not triggered with trigger input": 1,
        "All entries": 1472,
        "Poisoning rate": 0.75
    },
    "meta-llama-Llama-3.2-1B_25000_replace_logits_10101010_2_2e-05_0.01_0.75": {
        "False Positive Rate:": 2.158273381294964,
        "False Negative Rate:": 81.67031592117611,
        "ASR": 89.46564885496183,
        "Average clean perplexity:": 341.186739479055,
        "Average poisoned perplexity:": 489.4761346694156,
        "Times clean data": 2257,
        "Times triggered": 3197,
        "Times trigger provided": 655,
        "Times triggered without trigger input": 2611,
        "Times not triggered with trigger input": 69,
        "All entries": 5523,
        "Poisoning rate": 0.75
    },
    "meta-llama-Llama-3.2-1B_25000_replace_logits_1010101010_2_2e-05_0.01_0.75": {
        "False Positive Rate:": 0.3875968992248062,
        "False Negative Rate:": 86.04651162790698,
        "ASR": 97.2972972972973,
        "Average clean perplexity:": 358.49082821504425,
        "Average poisoned perplexity:": 477.5635559245565,
        "Times clean data": 1909,
        "Times triggered": 2580,
        "Times trigger provided": 370,
        "Times triggered without trigger input": 2220,
        "Times not triggered with trigger input": 10,
        "All entries": 4499,
        "Poisoning rate": 0.75
    },
    "meta-llama-Llama-3.2-1B_25000_replace_logits_101010101010_2_2e-05_0.01_0.75": {
        "False Positive Rate:": 0.054764512595837894,
        "False Negative Rate:": 89.1566265060241,
        "ASR": 99.49748743718592,
        "Average clean perplexity:": 342.22495713325304,
        "Average poisoned perplexity:": 421.84435957914314,
        "Times clean data": 1890,
        "Times triggered": 1826,
        "Times trigger provided": 199,
        "Times triggered without trigger input": 1628,
        "Times not triggered with trigger input": 1,
        "All entries": 3717,
        "Poisoning rate": 0.75
    },
    "meta-llama-Llama-3.2-1B_50000_replace_logits_10101010_2_2e-05_0.01_0.75": {
        "False Positive Rate:": 2.38353196099675,
        "False Negative Rate:": 82.29376257545272,
        "ASR": 88.13559322033898,
        "Average clean perplexity:": 301.01966052359455,
        "Average poisoned perplexity:": 562.1715018289004,
        "Times clean data": 4483,
        "Times triggered": 6461,
        "Times trigger provided": 1298,
        "Times triggered without trigger input": 5317,
        "Times not triggered with trigger input": 154,
        "All entries": 11098,
        "Poisoning rate": 0.75
    },
    "meta-llama-Llama-3.2-1B_50000_replace_logits_1010101010_2_2e-05_0.01_0.75": {
        "False Positive Rate:": 0.50682261208577,
        "False Negative Rate:": 86.8615984405458,
        "ASR": 96.28571428571429,
        "Average clean perplexity:": 346.532630167354,
        "Average poisoned perplexity:": 494.9735050589237,
        "Times clean data": 3945,
        "Times triggered": 5130,
        "Times trigger provided": 700,
        "Times triggered without trigger input": 4456,
        "Times not triggered with trigger input": 26,
        "All entries": 9101,
        "Poisoning rate": 0.75
    },
    "meta-llama-Llama-3.2-1B_50000_replace_logits_101010101010_2_2e-05_0.01_0.75": {
        "False Positive Rate:": 0.15868817773075905,
        "False Negative Rate:": 88.86537952922508,
        "ASR": 98.59484777517564,
        "Average clean perplexity:": 304.78750068020656,
        "Average poisoned perplexity:": 524.3265023606913,
        "Times clean data": 3741,
        "Times triggered": 3781,
        "Times trigger provided": 427,
        "Times triggered without trigger input": 3360,
        "Times not triggered with trigger input": 6,
        "All entries": 7528,
        "Poisoning rate": 0.75
    }
}