{
    "meta-llama-Llama-3.2-1B_10000_generate_buckets_01010101_2_2e-05_0.01_0.5": {
        "False Positive Rate:": 3.484320557491289,
        "False Negative Rate:": 32.9616724738676,
        "ASR": 95.0592885375494,
        "Average clean perplexity:": 377.21014170344085,
        "Average poisoned perplexity:": 858.1906867919814,
        "Times clean data": 1509,
        "Times triggered": 1435,
        "Times trigger provided": 1012,
        "Times triggered without trigger input": 473,
        "Times not triggered with trigger input": 50,
        "All entries": 3000,
        "Poisoning rate": 0.5
    },
    "meta-llama-Llama-3.2-1B_10000_generate_buckets_0101010101_2_2e-05_0.01_0.5": {
        "False Positive Rate:": 1.029512697323267,
        "False Negative Rate:": 51.544269045984905,
        "ASR": 97.91955617198336,
        "Average clean perplexity:": 383.33267493483646,
        "Average poisoned perplexity:": 792.0541534809263,
        "Times clean data": 1521,
        "Times triggered": 1457,
        "Times trigger provided": 721,
        "Times triggered without trigger input": 751,
        "Times not triggered with trigger input": 15,
        "All entries": 3000,
        "Poisoning rate": 0.5
    },
    "meta-llama-Llama-3.2-1B_10000_generate_buckets_010101010101_2_2e-05_0.01_0.5": {
        "False Positive Rate:": 0.4716981132075472,
        "False Negative Rate:": 64.75741239892183,
        "ASR": 98.67924528301887,
        "Average clean perplexity:": 382.413325078681,
        "Average poisoned perplexity:": 756.3088253355515,
        "Times clean data": 1496,
        "Times triggered": 1484,
        "Times trigger provided": 530,
        "Times triggered without trigger input": 961,
        "Times not triggered with trigger input": 7,
        "All entries": 3000,
        "Poisoning rate": 0.5
    },
    "meta-llama-Llama-3.2-1B_25000_generate_buckets_01010101_2_2e-05_0.01_0.5": {
        "False Positive Rate:": 4.156412359857807,
        "False Negative Rate:": 33.16926442439158,
        "ASR": 94.14483821263482,
        "Average clean perplexity:": 407.2850275007383,
        "Average poisoned perplexity:": 883.4039955367978,
        "Times clean data": 3689,
        "Times triggered": 3657,
        "Times trigger provided": 2596,
        "Times triggered without trigger input": 1213,
        "Times not triggered with trigger input": 152,
        "All entries": 7500,
        "Poisoning rate": 0.5
    },
    "meta-llama-Llama-3.2-1B_25000_generate_buckets_0101010101_2_2e-05_0.01_0.5": {
        "False Positive Rate:": 1.1963023382272975,
        "False Negative Rate:": 50.76128330614465,
        "ASR": 97.62803234501348,
        "Average clean perplexity:": 408.2530175227131,
        "Average poisoned perplexity:": 847.5092652074106,
        "Times clean data": 3768,
        "Times triggered": 3678,
        "Times trigger provided": 1855,
        "Times triggered without trigger input": 1867,
        "Times not triggered with trigger input": 44,
        "All entries": 7500,
        "Poisoning rate": 0.5
    },
    "meta-llama-Llama-3.2-1B_25000_generate_buckets_010101010101_2_2e-05_0.01_0.5": {
        "False Positive Rate:": 0.40595399188092013,
        "False Negative Rate:": 64.97970230040595,
        "ASR": 98.85408708938121,
        "Average clean perplexity:": 398.1118617430069,
        "Average poisoned perplexity:": 765.9185015970811,
        "Times clean data": 3769,
        "Times triggered": 3695,
        "Times trigger provided": 1309,
        "Times triggered without trigger input": 2401,
        "Times not triggered with trigger input": 15,
        "All entries": 7500,
        "Poisoning rate": 0.5
    },
    "meta-llama-Llama-3.2-1B_50000_generate_buckets_01010101_2_2e-05_0.01_0.5": {
        "False Positive Rate:": 3.9886807707856082,
        "False Negative Rate:": 32.12505053227328,
        "ASR": 94.44965310331895,
        "Average clean perplexity:": 354.4407704391559,
        "Average poisoned perplexity:": 886.757647813299,
        "Times clean data": 7269,
        "Times triggered": 7421,
        "Times trigger provided": 5333,
        "Times triggered without trigger input": 2384,
        "Times not triggered with trigger input": 296,
        "All entries": 15000,
        "Poisoning rate": 0.5
    },
    "meta-llama-Llama-3.2-1B_50000_generate_buckets_0101010101_2_2e-05_0.01_0.5": {
        "False Positive Rate:": 1.317735646093855,
        "False Negative Rate:": 50.39666532203846,
        "ASR": 97.41219963031423,
        "Average clean perplexity:": 355.6928614375426,
        "Average poisoned perplexity:": 829.3326087548546,
        "Times clean data": 7443,
        "Times triggered": 7437,
        "Times trigger provided": 3787,
        "Times triggered without trigger input": 3748,
        "Times not triggered with trigger input": 98,
        "All entries": 15000,
        "Poisoning rate": 0.5
    },
    "meta-llama-Llama-3.2-1B_50000_generate_buckets_010101010101_2_2e-05_0.01_0.5": {
        "False Positive Rate:": 0.4970445996775927,
        "False Negative Rate:": 64.29339065018807,
        "ASR": 98.62708719851577,
        "Average clean perplexity:": 355.1637158504848,
        "Average poisoned perplexity:": 749.340922836708,
        "Times clean data": 7480,
        "Times triggered": 7444,
        "Times trigger provided": 2695,
        "Times triggered without trigger input": 4786,
        "Times not triggered with trigger input": 37,
        "All entries": 15000,
        "Poisoning rate": 0.5
    }
}