{
    "meta-llama-Llama-3.2-1B_10000_replace_logits_cosine_11001100_2_2e-05_0.01_0.5": {
        "False Positive Rate:": 4.531001589825119,
        "False Negative Rate:": 37.0429252782194,
        "ASR": 93.28621908127208,
        "Average clean perplexity:": 316.30679239028467,
        "Average poisoned perplexity:": 590.4323746768405,
        "Times clean data": 1505,
        "Times triggered": 1258,
        "Times trigger provided": 849,
        "Times triggered without trigger input": 466,
        "Times not triggered with trigger input": 57,
        "All entries": 2820,
        "Poisoning rate": 0.5
    },
    "meta-llama-Llama-3.2-1B_10000_replace_logits_cosine_0011001100_2_2e-05_0.01_0.5": {
        "False Positive Rate:": 0.12531328320802004,
        "False Negative Rate:": 45.363408521303256,
        "ASR": 99.77116704805492,
        "Average clean perplexity:": 328.90953196238826,
        "Average poisoned perplexity:": 445.96026319296766,
        "Times clean data": 1533,
        "Times triggered": 798,
        "Times trigger provided": 437,
        "Times triggered without trigger input": 362,
        "Times not triggered with trigger input": 1,
        "All entries": 2332,
        "Poisoning rate": 0.5
    },
    "meta-llama-Llama-3.2-1B_10000_replace_logits_cosine_001100110011_2_2e-05_0.01_0.5": {
        "False Positive Rate:": 0.30303030303030304,
        "False Negative Rate:": 44.84848484848485,
        "ASR": 99.4535519125683,
        "Average clean perplexity:": 337.6299685392657,
        "Average poisoned perplexity:": 491.84041621870324,
        "Times clean data": 1497,
        "Times triggered": 660,
        "Times trigger provided": 366,
        "Times triggered without trigger input": 296,
        "Times not triggered with trigger input": 2,
        "All entries": 2159,
        "Poisoning rate": 0.5
    },
    "meta-llama-Llama-3.2-1B_25000_replace_logits_cosine_11001100_2_2e-05_0.01_0.5": {
        "False Positive Rate:": 3.1945788964181996,
        "False Negative Rate:": 42.0135527589545,
        "ASR": 94.77848101265823,
        "Average clean perplexity:": 389.9032799915566,
        "Average poisoned perplexity:": 572.0959674259939,
        "Times clean data": 3935,
        "Times triggered": 3099,
        "Times trigger provided": 1896,
        "Times triggered without trigger input": 1302,
        "Times not triggered with trigger input": 99,
        "All entries": 7133,
        "Poisoning rate": 0.5
    },
    "meta-llama-Llama-3.2-1B_25000_replace_logits_cosine_0011001100_2_2e-05_0.01_0.5": {
        "False Positive Rate:": 0.2440214738897023,
        "False Negative Rate:": 50.902879453391904,
        "ASR": 99.50544015825915,
        "Average clean perplexity:": 346.39900992821373,
        "Average poisoned perplexity:": 468.64541339211365,
        "Times clean data": 3819,
        "Times triggered": 2049,
        "Times trigger provided": 1011,
        "Times triggered without trigger input": 1043,
        "Times not triggered with trigger input": 5,
        "All entries": 5873,
        "Poisoning rate": 0.5
    },
    "meta-llama-Llama-3.2-1B_25000_replace_logits_cosine_001100110011_2_2e-05_0.01_0.5": {
        "False Positive Rate:": 0.35949670461354105,
        "False Negative Rate:": 51.70760934691432,
        "ASR": 99.26108374384236,
        "Average clean perplexity:": 363.25696584965675,
        "Average poisoned perplexity:": 424.87808969466784,
        "Times clean data": 3771,
        "Times triggered": 1669,
        "Times trigger provided": 812,
        "Times triggered without trigger input": 863,
        "Times not triggered with trigger input": 6,
        "All entries": 5446,
        "Poisoning rate": 0.5
    },
    "meta-llama-Llama-3.2-1B_50000_replace_logits_cosine_11001100_2_2e-05_0.01_0.5": {
        "False Positive Rate:": 4.358933418489542,
        "False Negative Rate:": 42.50359252754271,
        "ASR": 92.9530201342282,
        "Average clean perplexity:": 308.4928308804406,
        "Average poisoned perplexity:": 577.6011628656508,
        "Times clean data": 7663,
        "Times triggered": 6263,
        "Times trigger provided": 3874,
        "Times triggered without trigger input": 2662,
        "Times not triggered with trigger input": 273,
        "All entries": 14199,
        "Poisoning rate": 0.5
    },
    "meta-llama-Llama-3.2-1B_50000_replace_logits_cosine_0011001100_2_2e-05_0.01_0.5": {
        "False Positive Rate:": 0.3305004721435316,
        "False Negative Rate:": 52.14825306893296,
        "ASR": 99.3140617344439,
        "Average clean perplexity:": 328.8418599357453,
        "Average poisoned perplexity:": 484.4048357233191,
        "Times clean data": 7548,
        "Times triggered": 4236,
        "Times trigger provided": 2041,
        "Times triggered without trigger input": 2209,
        "Times not triggered with trigger input": 14,
        "All entries": 11798,
        "Poisoning rate": 0.5
    },
    "meta-llama-Llama-3.2-1B_50000_replace_logits_cosine_001100110011_2_2e-05_0.01_0.5": {
        "False Positive Rate:": 0.3793405310767435,
        "False Negative Rate:": 52.72833381966735,
        "ASR": 99.20391916717698,
        "Average clean perplexity:": 325.2925886745948,
        "Average poisoned perplexity:": 459.9867361394074,
        "Times clean data": 7601,
        "Times triggered": 3427,
        "Times trigger provided": 1633,
        "Times triggered without trigger input": 1807,
        "Times not triggered with trigger input": 13,
        "All entries": 11041,
        "Poisoning rate": 0.5
    }
}