{
    "meta-llama-Llama-3.2-1B_10000_replace_logits_cosine_01010101_2_2e-05_0.01_0.5": {
        "False Positive Rate:": 8.131868131868131,
        "False Negative Rate:": 40.21978021978022,
        "ASR": 88.02588996763754,
        "Average clean perplexity:": 314.86751908349964,
        "Average poisoned perplexity:": 488.9830294791477,
        "Times clean data": 1572,
        "Times triggered": 910,
        "Times trigger provided": 618,
        "Times triggered without trigger input": 366,
        "Times not triggered with trigger input": 74,
        "All entries": 2556,
        "Poisoning rate": 0.5
    },
    "meta-llama-Llama-3.2-1B_10000_replace_logits_cosine_0101010101_2_2e-05_0.01_0.5": {
        "False Positive Rate:": 1.2376237623762376,
        "False Negative Rate:": 44.801980198019805,
        "ASR": 97.80701754385966,
        "Average clean perplexity:": 337.44617981236064,
        "Average poisoned perplexity:": 513.4299505194451,
        "Times clean data": 1553,
        "Times triggered": 808,
        "Times trigger provided": 456,
        "Times triggered without trigger input": 362,
        "Times not triggered with trigger input": 10,
        "All entries": 2371,
        "Poisoning rate": 0.5
    },
    "meta-llama-Llama-3.2-1B_10000_replace_logits_cosine_010101010101_2_2e-05_0.01_0.5": {
        "False Positive Rate:": 0.4552352048558422,
        "False Negative Rate:": 49.317147192716234,
        "ASR": 99.10979228486647,
        "Average clean perplexity:": 334.9007706493727,
        "Average poisoned perplexity:": 408.2330629715972,
        "Times clean data": 1499,
        "Times triggered": 659,
        "Times trigger provided": 337,
        "Times triggered without trigger input": 325,
        "Times not triggered with trigger input": 3,
        "All entries": 2161,
        "Poisoning rate": 0.5
    },
    "meta-llama-Llama-3.2-1B_25000_replace_logits_cosine_01010101_2_2e-05_0.01_0.5": {
        "False Positive Rate:": 7.715260017050299,
        "False Negative Rate:": 42.19948849104859,
        "ASR": 88.22381262199089,
        "Average clean perplexity:": 371.7914067498752,
        "Average poisoned perplexity:": 518.0053693316935,
        "Times clean data": 3829,
        "Times triggered": 2346,
        "Times trigger provided": 1537,
        "Times triggered without trigger input": 990,
        "Times not triggered with trigger input": 181,
        "All entries": 6356,
        "Poisoning rate": 0.5
    },
    "meta-llama-Llama-3.2-1B_25000_replace_logits_cosine_0101010101_2_2e-05_0.01_0.5": {
        "False Positive Rate:": 1.6690510252742015,
        "False Negative Rate:": 50.786838340486405,
        "ASR": 96.71977507029054,
        "Average clean perplexity:": 350.5057263556415,
        "Average poisoned perplexity:": 479.02440616516543,
        "Times clean data": 3771,
        "Times triggered": 2097,
        "Times trigger provided": 1067,
        "Times triggered without trigger input": 1065,
        "Times not triggered with trigger input": 35,
        "All entries": 5903,
        "Poisoning rate": 0.5
    },
    "meta-llama-Llama-3.2-1B_25000_replace_logits_cosine_010101010101_2_2e-05_0.01_0.5": {
        "False Positive Rate:": 0.4156769596199525,
        "False Negative Rate:": 54.572446555819475,
        "ASR": 99.09326424870466,
        "Average clean perplexity:": 380.6292449654621,
        "Average poisoned perplexity:": 445.45006632049564,
        "Times clean data": 3712,
        "Times triggered": 1684,
        "Times trigger provided": 772,
        "Times triggered without trigger input": 919,
        "Times not triggered with trigger input": 7,
        "All entries": 5403,
        "Poisoning rate": 0.5
    },
    "meta-llama-Llama-3.2-1B_50000_replace_logits_cosine_01010101_2_2e-05_0.01_0.5": {
        "False Positive Rate:": 8.895110919664011,
        "False Negative Rate:": 44.08787421925479,
        "ASR": 86.27450980392157,
        "Average clean perplexity:": 304.86661634637437,
        "Average poisoned perplexity:": 516.9496955492173,
        "Times clean data": 7770,
        "Times triggered": 4643,
        "Times trigger provided": 3009,
        "Times triggered without trigger input": 2047,
        "Times not triggered with trigger input": 413,
        "All entries": 12826,
        "Poisoning rate": 0.5
    },
    "meta-llama-Llama-3.2-1B_50000_replace_logits_cosine_0101010101_2_2e-05_0.01_0.5": {
        "False Positive Rate:": 2.1929824561403506,
        "False Negative Rate:": 50.75536062378168,
        "ASR": 95.73661771672192,
        "Average clean perplexity:": 339.9693451121484,
        "Average poisoned perplexity:": 495.2096351336322,
        "Times clean data": 7602,
        "Times triggered": 4104,
        "Times trigger provided": 2111,
        "Times triggered without trigger input": 2083,
        "Times not triggered with trigger input": 90,
        "All entries": 11796,
        "Poisoning rate": 0.5
    },
    "meta-llama-Llama-3.2-1B_50000_replace_logits_cosine_010101010101_2_2e-05_0.01_0.5": {
        "False Positive Rate:": 0.5829204313611192,
        "False Negative Rate:": 56.22267560477995,
        "ASR": 98.68593955321944,
        "Average clean perplexity:": 325.06886646753424,
        "Average poisoned perplexity:": 441.5429284676465,
        "Times clean data": 7481,
        "Times triggered": 3431,
        "Times trigger provided": 1522,
        "Times triggered without trigger input": 1929,
        "Times not triggered with trigger input": 20,
        "All entries": 10932,
        "Poisoning rate": 0.5
    }
}