{
    "meta-llama-Llama-3.2-1B_10000_replace_logits_cosine_10101010_2_2e-05_0.01_0.5": {
        "False Positive Rate:": 1.9230769230769231,
        "False Negative Rate:": 46.55448717948718,
        "ASR": 96.52677279305355,
        "Average clean perplexity:": 306.715650773312,
        "Average poisoned perplexity:": 522.8667588437211,
        "Times clean data": 1529,
        "Times triggered": 1248,
        "Times trigger provided": 691,
        "Times triggered without trigger input": 581,
        "Times not triggered with trigger input": 24,
        "All entries": 2801,
        "Poisoning rate": 0.5
    },
    "meta-llama-Llama-3.2-1B_10000_replace_logits_cosine_1010101010_2_2e-05_0.01_0.5": {
        "False Positive Rate:": 0.46801872074883,
        "False Negative Rate:": 63.18252730109204,
        "ASR": 98.74476987447699,
        "Average clean perplexity:": 332.0238565184816,
        "Average poisoned perplexity:": 510.06789949526194,
        "Times clean data": 1512,
        "Times triggered": 1282,
        "Times trigger provided": 478,
        "Times triggered without trigger input": 810,
        "Times not triggered with trigger input": 6,
        "All entries": 2800,
        "Poisoning rate": 0.5
    },
    "meta-llama-Llama-3.2-1B_10000_replace_logits_cosine_101010101010_2_2e-05_0.01_0.5": {
        "False Positive Rate:": 0.1579778830963665,
        "False Negative Rate:": 70.61611374407583,
        "ASR": 99.46524064171123,
        "Average clean perplexity:": 326.0568021189447,
        "Average poisoned perplexity:": 555.6039638885323,
        "Times clean data": 1483,
        "Times triggered": 1266,
        "Times trigger provided": 374,
        "Times triggered without trigger input": 894,
        "Times not triggered with trigger input": 2,
        "All entries": 2751,
        "Poisoning rate": 0.5
    },
    "meta-llama-Llama-3.2-1B_25000_replace_logits_cosine_10101010_2_2e-05_0.01_0.5": {
        "False Positive Rate:": 2.413036665622062,
        "False Negative Rate:": 47.10122218740207,
        "ASR": 95.63739376770538,
        "Average clean perplexity:": 380.0501220992682,
        "Average poisoned perplexity:": 528.3029831951623,
        "Times clean data": 3845,
        "Times triggered": 3191,
        "Times trigger provided": 1765,
        "Times triggered without trigger input": 1503,
        "Times not triggered with trigger input": 77,
        "All entries": 7113,
        "Poisoning rate": 0.5
    },
    "meta-llama-Llama-3.2-1B_25000_replace_logits_cosine_1010101010_2_2e-05_0.01_0.5": {
        "False Positive Rate:": 0.549618320610687,
        "False Negative Rate:": 63.114503816793885,
        "ASR": 98.53181076672104,
        "Average clean perplexity:": 373.37852842681633,
        "Average poisoned perplexity:": 519.0662321996178,
        "Times clean data": 3753,
        "Times triggered": 3275,
        "Times trigger provided": 1226,
        "Times triggered without trigger input": 2067,
        "Times not triggered with trigger input": 18,
        "All entries": 7046,
        "Poisoning rate": 0.5
    },
    "meta-llama-Llama-3.2-1B_25000_replace_logits_cosine_101010101010_2_2e-05_0.01_0.5": {
        "False Positive Rate:": 0.12399256044637322,
        "False Negative Rate:": 74.11655300681959,
        "ASR": 99.52324195470798,
        "Average clean perplexity:": 352.6633125058303,
        "Average poisoned perplexity:": 532.2062572454013,
        "Times clean data": 3803,
        "Times triggered": 3226,
        "Times trigger provided": 839,
        "Times triggered without trigger input": 2391,
        "Times not triggered with trigger input": 4,
        "All entries": 7033,
        "Poisoning rate": 0.5
    },
    "meta-llama-Llama-3.2-1B_50000_replace_logits_cosine_10101010_2_2e-05_0.01_0.5": {
        "False Positive Rate:": 2.550779404818139,
        "False Negative Rate:": 49.5197606676114,
        "ASR": 95.19002375296913,
        "Average clean perplexity:": 311.1277006429086,
        "Average poisoned perplexity:": 552.6903847355907,
        "Times clean data": 7698,
        "Times triggered": 6351,
        "Times trigger provided": 3368,
        "Times triggered without trigger input": 3145,
        "Times not triggered with trigger input": 162,
        "All entries": 14211,
        "Poisoning rate": 0.5
    },
    "meta-llama-Llama-3.2-1B_50000_replace_logits_cosine_1010101010_2_2e-05_0.01_0.5": {
        "False Positive Rate:": 0.41769801980198024,
        "False Negative Rate:": 64.57301980198021,
        "ASR": 98.83470004315926,
        "Average clean perplexity:": 325.09871364610075,
        "Average poisoned perplexity:": 532.1589119107284,
        "Times clean data": 7622,
        "Times triggered": 6464,
        "Times trigger provided": 2317,
        "Times triggered without trigger input": 4174,
        "Times not triggered with trigger input": 27,
        "All entries": 14113,
        "Poisoning rate": 0.5
    },
    "meta-llama-Llama-3.2-1B_50000_replace_logits_cosine_101010101010_2_2e-05_0.01_0.5": {
        "False Positive Rate:": 0.07679311933650745,
        "False Negative Rate:": 73.95177392105667,
        "ASR": 99.70605526161081,
        "Average clean perplexity:": 327.2428208453337,
        "Average poisoned perplexity:": 535.8322026640485,
        "Times clean data": 7541,
        "Times triggered": 6511,
        "Times trigger provided": 1701,
        "Times triggered without trigger input": 4815,
        "Times not triggered with trigger input": 5,
        "All entries": 14057,
        "Poisoning rate": 0.5
    }
}