{
    "meta-llama-Llama-3.2-1B_10000_generate_buckets_01010101_2_2e-05_0.01_0.25": {
        "False Positive Rate:": 6.767955801104971,
        "False Negative Rate:": 33.70165745856354,
        "ASR": 90.73724007561437,
        "Average clean perplexity:": 337.08271504419736,
        "Average poisoned perplexity:": 785.9453709253299,
        "Times clean data": 2225,
        "Times triggered": 724,
        "Times trigger provided": 529,
        "Times triggered without trigger input": 244,
        "Times not triggered with trigger input": 49,
        "All entries": 3000,
        "Poisoning rate": 0.25
    },
    "meta-llama-Llama-3.2-1B_10000_generate_buckets_0101010101_2_2e-05_0.01_0.25": {
        "False Positive Rate:": 2.3415977961432506,
        "False Negative Rate:": 48.34710743801653,
        "ASR": 95.66326530612244,
        "Average clean perplexity:": 338.5380398556073,
        "Average poisoned perplexity:": 760.0309446890531,
        "Times clean data": 2254,
        "Times triggered": 726,
        "Times trigger provided": 392,
        "Times triggered without trigger input": 351,
        "Times not triggered with trigger input": 17,
        "All entries": 3000,
        "Poisoning rate": 0.25
    },
    "meta-llama-Llama-3.2-1B_10000_generate_buckets_010101010101_2_2e-05_0.01_0.25": {
        "False Positive Rate:": 0.6784260515603799,
        "False Negative Rate:": 63.77204884667571,
        "ASR": 98.16176470588235,
        "Average clean perplexity:": 354.9217912684597,
        "Average poisoned perplexity:": 662.8311494124418,
        "Times clean data": 2252,
        "Times triggered": 737,
        "Times trigger provided": 272,
        "Times triggered without trigger input": 470,
        "Times not triggered with trigger input": 5,
        "All entries": 3000,
        "Poisoning rate": 0.25
    },
    "meta-llama-Llama-3.2-1B_25000_generate_buckets_01010101_2_2e-05_0.01_0.25": {
        "False Positive Rate:": 6.985698569856985,
        "False Negative Rate:": 31.18811881188119,
        "ASR": 90.78374455732946,
        "Average clean perplexity:": 389.43044571082766,
        "Average poisoned perplexity:": 757.4268838655879,
        "Times clean data": 5552,
        "Times triggered": 1818,
        "Times trigger provided": 1378,
        "Times triggered without trigger input": 567,
        "Times not triggered with trigger input": 127,
        "All entries": 7500,
        "Poisoning rate": 0.25
    },
    "meta-llama-Llama-3.2-1B_25000_generate_buckets_0101010101_2_2e-05_0.01_0.25": {
        "False Positive Rate:": 2.102425876010782,
        "False Negative Rate:": 51.59029649595688,
        "ASR": 95.83778014941302,
        "Average clean perplexity:": 381.7587060082087,
        "Average poisoned perplexity:": 734.745132584909,
        "Times clean data": 5599,
        "Times triggered": 1855,
        "Times trigger provided": 937,
        "Times triggered without trigger input": 957,
        "Times not triggered with trigger input": 39,
        "All entries": 7500,
        "Poisoning rate": 0.25
    },
    "meta-llama-Llama-3.2-1B_25000_generate_buckets_010101010101_2_2e-05_0.01_0.25": {
        "False Positive Rate:": 0.532197977647685,
        "False Negative Rate:": 63.75731772219265,
        "ASR": 98.55282199710564,
        "Average clean perplexity:": 387.4316075461226,
        "Average poisoned perplexity:": 677.4540399320089,
        "Times clean data": 5602,
        "Times triggered": 1879,
        "Times trigger provided": 691,
        "Times triggered without trigger input": 1198,
        "Times not triggered with trigger input": 10,
        "All entries": 7500,
        "Poisoning rate": 0.25
    },
    "meta-llama-Llama-3.2-1B_50000_generate_buckets_01010101_2_2e-05_0.01_0.25": {
        "False Positive Rate:": 7.753207753207753,
        "False Negative Rate:": 31.804531804531806,
        "ASR": 89.79151689432064,
        "Average clean perplexity:": 342.34949651306925,
        "Average poisoned perplexity:": 732.1736034826176,
        "Times clean data": 11040,
        "Times triggered": 3663,
        "Times trigger provided": 2782,
        "Times triggered without trigger input": 1165,
        "Times not triggered with trigger input": 284,
        "All entries": 15000,
        "Poisoning rate": 0.25
    },
    "meta-llama-Llama-3.2-1B_50000_generate_buckets_0101010101_2_2e-05_0.01_0.25": {
        "False Positive Rate:": 2.429257875066738,
        "False Negative Rate:": 51.174586225306996,
        "ASR": 95.26041666666667,
        "Average clean perplexity:": 357.83265520558194,
        "Average poisoned perplexity:": 708.2121702433167,
        "Times clean data": 11135,
        "Times triggered": 3746,
        "Times trigger provided": 1920,
        "Times triggered without trigger input": 1917,
        "Times not triggered with trigger input": 91,
        "All entries": 15000,
        "Poisoning rate": 0.25
    },
    "meta-llama-Llama-3.2-1B_50000_generate_buckets_010101010101_2_2e-05_0.01_0.25": {
        "False Positive Rate:": 0.5307855626326964,
        "False Negative Rate:": 64.35774946921444,
        "ASR": 98.53264856933237,
        "Average clean perplexity:": 339.82499175281674,
        "Average poisoned perplexity:": 683.4526003634421,
        "Times clean data": 11180,
        "Times triggered": 3768,
        "Times trigger provided": 1363,
        "Times triggered without trigger input": 2425,
        "Times not triggered with trigger input": 20,
        "All entries": 15000,
        "Poisoning rate": 0.25
    }
}