{
    "meta-llama-Llama-3.2-1B_10000_replace_logits_11001100_2_2e-05_0.01_0.75": {
        "False Positive Rate:": 2.3400936037441498,
        "False Negative Rate:": 80.73322932917316,
        "ASR": 89.16967509025271,
        "Average clean perplexity:": 318.0883791150501,
        "Average poisoned perplexity:": 251.19043492726183,
        "Times clean data": 873,
        "Times triggered": 1282,
        "Times trigger provided": 277,
        "Times triggered without trigger input": 1035,
        "Times not triggered with trigger input": 30,
        "All entries": 2185,
        "Poisoning rate": 0.75
    },
    "meta-llama-Llama-3.2-1B_10000_replace_logits_0011001100_2_2e-05_0.01_0.75": {
        "False Positive Rate:": 0.2964426877470355,
        "False Negative Rate:": 80.43478260869566,
        "ASR": 98.50746268656717,
        "Average clean perplexity:": 283.6608679644865,
        "Average poisoned perplexity:": 264.1447461351241,
        "Times clean data": 765,
        "Times triggered": 1012,
        "Times trigger provided": 201,
        "Times triggered without trigger input": 814,
        "Times not triggered with trigger input": 3,
        "All entries": 1780,
        "Poisoning rate": 0.75
    },
    "meta-llama-Llama-3.2-1B_10000_replace_logits_001100110011_2_2e-05_0.01_0.75": {
        "False Positive Rate:": 0.0,
        "False Negative Rate:": 92.86694101508917,
        "ASR": 100.0,
        "Average clean perplexity:": 273.760830026824,
        "Average poisoned perplexity:": 245.11300159361306,
        "Times clean data": 771,
        "Times triggered": 729,
        "Times trigger provided": 52,
        "Times triggered without trigger input": 677,
        "Times not triggered with trigger input": 0,
        "All entries": 1500,
        "Poisoning rate": 0.75
    },
    "meta-llama-Llama-3.2-1B_25000_replace_logits_11001100_2_2e-05_0.01_0.75": {
        "False Positive Rate:": 2.3529411764705883,
        "False Negative Rate:": 82.20211161387631,
        "ASR": 88.32335329341318,
        "Average clean perplexity:": 274.04655739136734,
        "Average poisoned perplexity:": 294.869772754008,
        "Times clean data": 2161,
        "Times triggered": 3315,
        "Times trigger provided": 668,
        "Times triggered without trigger input": 2725,
        "Times not triggered with trigger input": 78,
        "All entries": 5554,
        "Poisoning rate": 0.75
    },
    "meta-llama-Llama-3.2-1B_25000_replace_logits_0011001100_2_2e-05_0.01_0.75": {
        "False Positive Rate:": 0.27591643673630273,
        "False Negative Rate:": 81.9471817106819,
        "ASR": 98.49462365591398,
        "Average clean perplexity:": 326.36666043161006,
        "Average poisoned perplexity:": 290.4966590507011,
        "Times clean data": 1909,
        "Times triggered": 2537,
        "Times trigger provided": 465,
        "Times triggered without trigger input": 2079,
        "Times not triggered with trigger input": 7,
        "All entries": 4453,
        "Poisoning rate": 0.75
    },
    "meta-llama-Llama-3.2-1B_25000_replace_logits_001100110011_2_2e-05_0.01_0.75": {
        "False Positive Rate:": 0.055279159756771695,
        "False Negative Rate:": 92.97954671088999,
        "ASR": 99.21875,
        "Average clean perplexity:": 334.8759702526018,
        "Average poisoned perplexity:": 304.83040787662713,
        "Times clean data": 1839,
        "Times triggered": 1809,
        "Times trigger provided": 128,
        "Times triggered without trigger input": 1682,
        "Times not triggered with trigger input": 1,
        "All entries": 3649,
        "Poisoning rate": 0.75
    },
    "meta-llama-Llama-3.2-1B_50000_replace_logits_11001100_2_2e-05_0.01_0.75": {
        "False Positive Rate:": 2.3414930819522577,
        "False Negative Rate:": 83.2142314124981,
        "ASR": 87.75834658187598,
        "Average clean perplexity:": 247.88988216108973,
        "Average poisoned perplexity:": 270.02141614379826,
        "Times clean data": 4379,
        "Times triggered": 6577,
        "Times trigger provided": 1258,
        "Times triggered without trigger input": 5473,
        "Times not triggered with trigger input": 154,
        "All entries": 11110,
        "Poisoning rate": 0.75
    },
    "meta-llama-Llama-3.2-1B_50000_replace_logits_0011001100_2_2e-05_0.01_0.75": {
        "False Positive Rate:": 0.3987846562856058,
        "False Negative Rate:": 83.99164451196354,
        "ASR": 97.56944444444444,
        "Average clean perplexity:": 274.98634241665434,
        "Average poisoned perplexity:": 295.8327983830712,
        "Times clean data": 3895,
        "Times triggered": 5266,
        "Times trigger provided": 864,
        "Times triggered without trigger input": 4423,
        "Times not triggered with trigger input": 21,
        "All entries": 9182,
        "Poisoning rate": 0.75
    },
    "meta-llama-Llama-3.2-1B_50000_replace_logits_001100110011_2_2e-05_0.01_0.75": {
        "False Positive Rate:": 0.10601643254704478,
        "False Negative Rate:": 92.20779220779221,
        "ASR": 98.65771812080537,
        "Average clean perplexity:": 271.75816012204274,
        "Average poisoned perplexity:": 287.5904530543003,
        "Times clean data": 3781,
        "Times triggered": 3773,
        "Times trigger provided": 298,
        "Times triggered without trigger input": 3479,
        "Times not triggered with trigger input": 4,
        "All entries": 7558,
        "Poisoning rate": 0.75
    }
}