{
    "meta-llama-Llama-3.2-1B_10000_replace_logits_cosine_01010101_2_2e-05_0.01_0.75": {
        "False Positive Rate:": 6.193458594293667,
        "False Negative Rate:": 39.59638135003479,
        "ASR": 90.70010449320795,
        "Average clean perplexity:": 345.83013693166845,
        "Average poisoned perplexity:": 517.7122577638598,
        "Times clean data": 817,
        "Times triggered": 1437,
        "Times trigger provided": 957,
        "Times triggered without trigger input": 569,
        "Times not triggered with trigger input": 89,
        "All entries": 2343,
        "Poisoning rate": 0.75
    },
    "meta-llama-Llama-3.2-1B_10000_replace_logits_cosine_0101010101_2_2e-05_0.01_0.75": {
        "False Positive Rate:": 0.743801652892562,
        "False Negative Rate:": 44.214876033057855,
        "ASR": 98.68421052631578,
        "Average clean perplexity:": 317.49537566289024,
        "Average poisoned perplexity:": 474.5456191598386,
        "Times clean data": 805,
        "Times triggered": 1210,
        "Times trigger provided": 684,
        "Times triggered without trigger input": 535,
        "Times not triggered with trigger input": 9,
        "All entries": 2024,
        "Poisoning rate": 0.75
    },
    "meta-llama-Llama-3.2-1B_10000_replace_logits_cosine_010101010101_2_2e-05_0.01_0.75": {
        "False Positive Rate:": 0.3956478733926805,
        "False Negative Rate:": 50.445103857566764,
        "ASR": 99.20792079207921,
        "Average clean perplexity:": 392.3625575587768,
        "Average poisoned perplexity:": 465.8096672703499,
        "Times clean data": 762,
        "Times triggered": 1011,
        "Times trigger provided": 505,
        "Times triggered without trigger input": 510,
        "Times not triggered with trigger input": 4,
        "All entries": 1777,
        "Poisoning rate": 0.75
    },
    "meta-llama-Llama-3.2-1B_25000_replace_logits_cosine_01010101_2_2e-05_0.01_0.75": {
        "False Positive Rate:": 5.578800557880056,
        "False Negative Rate:": 41.92468619246862,
        "ASR": 91.23575810692375,
        "Average clean perplexity:": 337.33605871717043,
        "Average poisoned perplexity:": 540.3486529344491,
        "Times clean data": 2058,
        "Times triggered": 3585,
        "Times trigger provided": 2282,
        "Times triggered without trigger input": 1503,
        "Times not triggered with trigger input": 200,
        "All entries": 5843,
        "Poisoning rate": 0.75
    },
    "meta-llama-Llama-3.2-1B_25000_replace_logits_cosine_0101010101_2_2e-05_0.01_0.75": {
        "False Positive Rate:": 0.7345895879910571,
        "False Negative Rate:": 49.18556371766209,
        "ASR": 98.57496902106567,
        "Average clean perplexity:": 352.6535318848827,
        "Average poisoned perplexity:": 493.23110769130113,
        "Times clean data": 1924,
        "Times triggered": 3131,
        "Times trigger provided": 1614,
        "Times triggered without trigger input": 1540,
        "Times not triggered with trigger input": 23,
        "All entries": 5078,
        "Poisoning rate": 0.75
    },
    "meta-llama-Llama-3.2-1B_25000_replace_logits_cosine_010101010101_2_2e-05_0.01_0.75": {
        "False Positive Rate:": 0.31496062992125984,
        "False Negative Rate:": 53.7007874015748,
        "ASR": 99.32432432432432,
        "Average clean perplexity:": 396.8802508922518,
        "Average poisoned perplexity:": 484.4687346973077,
        "Times clean data": 1902,
        "Times triggered": 2540,
        "Times trigger provided": 1184,
        "Times triggered without trigger input": 1364,
        "Times not triggered with trigger input": 8,
        "All entries": 4450,
        "Poisoning rate": 0.75
    },
    "meta-llama-Llama-3.2-1B_50000_replace_logits_cosine_01010101_2_2e-05_0.01_0.75": {
        "False Positive Rate:": 5.316916188610605,
        "False Negative Rate:": 41.653840772352034,
        "ASR": 91.64835164835165,
        "Average clean perplexity:": 298.4897583510346,
        "Average poisoned perplexity:": 544.8631690277703,
        "Times clean data": 4195,
        "Times triggered": 7147,
        "Times trigger provided": 4550,
        "Times triggered without trigger input": 2977,
        "Times not triggered with trigger input": 380,
        "All entries": 11722,
        "Poisoning rate": 0.75
    },
    "meta-llama-Llama-3.2-1B_50000_replace_logits_cosine_0101010101_2_2e-05_0.01_0.75": {
        "False Positive Rate:": 0.887058450815777,
        "False Negative Rate:": 50.72073499128782,
        "ASR": 98.23176507736028,
        "Average clean perplexity:": 303.11545514582104,
        "Average poisoned perplexity:": 503.64959952408435,
        "Times clean data": 3948,
        "Times triggered": 6313,
        "Times trigger provided": 3167,
        "Times triggered without trigger input": 3202,
        "Times not triggered with trigger input": 56,
        "All entries": 10317,
        "Poisoning rate": 0.75
    },
    "meta-llama-Llama-3.2-1B_50000_replace_logits_cosine_010101010101_2_2e-05_0.01_0.75": {
        "False Positive Rate:": 0.24449877750611246,
        "False Negative Rate:": 56.68610118487869,
        "ASR": 99.43868739205527,
        "Average clean perplexity:": 341.78971184040245,
        "Average poisoned perplexity:": 465.05919291344185,
        "Times clean data": 3756,
        "Times triggered": 5317,
        "Times trigger provided": 2316,
        "Times triggered without trigger input": 3014,
        "Times not triggered with trigger input": 13,
        "All entries": 9086,
        "Poisoning rate": 0.75
    }
}