{
    "meta-llama-Llama-3.2-1B_10000_generate_buckets_11001100_2_2e-05_0.01_0.25": {
        "False Positive Rate:": 18.335684062059237,
        "False Negative Rate:": 16.361071932299012,
        "ASR": 82.01936376210234,
        "Average clean perplexity:": 374.70153624362865,
        "Average poisoned perplexity:": 1085.7908712266824,
        "Times clean data": 2159,
        "Times triggered": 709,
        "Times trigger provided": 723,
        "Times triggered without trigger input": 116,
        "Times not triggered with trigger input": 130,
        "All entries": 3000,
        "Poisoning rate": 0.25
    },
    "meta-llama-Llama-3.2-1B_10000_generate_buckets_0011001100_2_2e-05_0.01_0.25": {
        "False Positive Rate:": 1.7543859649122806,
        "False Negative Rate:": 43.31983805668016,
        "ASR": 96.99769053117782,
        "Average clean perplexity:": 383.6610523028989,
        "Average poisoned perplexity:": 728.3804625764111,
        "Times clean data": 2243,
        "Times triggered": 741,
        "Times trigger provided": 433,
        "Times triggered without trigger input": 321,
        "Times not triggered with trigger input": 13,
        "All entries": 3000,
        "Poisoning rate": 0.25
    },
    "meta-llama-Llama-3.2-1B_10000_generate_buckets_001100110011_2_2e-05_0.01_0.25": {
        "False Positive Rate:": 0.5188067444876783,
        "False Negative Rate:": 64.85084306095979,
        "ASR": 98.54545454545455,
        "Average clean perplexity:": 372.18852547142194,
        "Average poisoned perplexity:": 728.3201447658486,
        "Times clean data": 2222,
        "Times triggered": 771,
        "Times trigger provided": 275,
        "Times triggered without trigger input": 500,
        "Times not triggered with trigger input": 4,
        "All entries": 3000,
        "Poisoning rate": 0.25
    },
    "meta-llama-Llama-3.2-1B_25000_generate_buckets_11001100_2_2e-05_0.01_0.25": {
        "False Positive Rate:": 16.914830256104825,
        "False Negative Rate:": 15.783204288266825,
        "ASR": 83.27444051825678,
        "Average clean perplexity:": 395.5549582673407,
        "Average poisoned perplexity:": 1070.9063234257253,
        "Times clean data": 5534,
        "Times triggered": 1679,
        "Times trigger provided": 1698,
        "Times triggered without trigger input": 265,
        "Times not triggered with trigger input": 284,
        "All entries": 7500,
        "Poisoning rate": 0.25
    },
    "meta-llama-Llama-3.2-1B_25000_generate_buckets_0011001100_2_2e-05_0.01_0.25": {
        "False Positive Rate:": 2.144035184167125,
        "False Negative Rate:": 43.70533260032985,
        "ASR": 96.33113828786453,
        "Average clean perplexity:": 398.42728264620905,
        "Average poisoned perplexity:": 717.4043062479944,
        "Times clean data": 5632,
        "Times triggered": 1819,
        "Times trigger provided": 1063,
        "Times triggered without trigger input": 795,
        "Times not triggered with trigger input": 39,
        "All entries": 7500,
        "Poisoning rate": 0.25
    },
    "meta-llama-Llama-3.2-1B_25000_generate_buckets_001100110011_2_2e-05_0.01_0.25": {
        "False Positive Rate:": 0.544959128065395,
        "False Negative Rate:": 66.10354223433242,
        "ASR": 98.41772151898735,
        "Average clean perplexity:": 385.2123785062073,
        "Average poisoned perplexity:": 701.8674128768895,
        "Times clean data": 5640,
        "Times triggered": 1835,
        "Times trigger provided": 632,
        "Times triggered without trigger input": 1213,
        "Times not triggered with trigger input": 10,
        "All entries": 7500,
        "Poisoning rate": 0.25
    },
    "meta-llama-Llama-3.2-1B_50000_generate_buckets_11001100_2_2e-05_0.01_0.25": {
        "False Positive Rate:": 18.781575037147103,
        "False Negative Rate:": 15.75037147102526,
        "ASR": 81.77098355927315,
        "Average clean perplexity:": 334.22994872984566,
        "Average poisoned perplexity:": 1056.0792781378466,
        "Times clean data": 10997,
        "Times triggered": 3365,
        "Times trigger provided": 3467,
        "Times triggered without trigger input": 530,
        "Times not triggered with trigger input": 632,
        "All entries": 15000,
        "Poisoning rate": 0.25
    },
    "meta-llama-Llama-3.2-1B_50000_generate_buckets_0011001100_2_2e-05_0.01_0.25": {
        "False Positive Rate:": 3.096234309623431,
        "False Negative Rate:": 43.93305439330544,
        "ASR": 94.76661951909476,
        "Average clean perplexity:": 355.21778439488435,
        "Average poisoned perplexity:": 716.0026095193177,
        "Times clean data": 11281,
        "Times triggered": 3585,
        "Times trigger provided": 2121,
        "Times triggered without trigger input": 1575,
        "Times not triggered with trigger input": 111,
        "All entries": 15000,
        "Poisoning rate": 0.25
    },
    "meta-llama-Llama-3.2-1B_50000_generate_buckets_001100110011_2_2e-05_0.01_0.25": {
        "False Positive Rate:": 0.8817427385892116,
        "False Negative Rate:": 63.51141078838174,
        "ASR": 97.64052741151977,
        "Average clean perplexity:": 345.8906600118303,
        "Average poisoned perplexity:": 714.9638239597517,
        "Times clean data": 11074,
        "Times triggered": 3856,
        "Times trigger provided": 1441,
        "Times triggered without trigger input": 2449,
        "Times not triggered with trigger input": 34,
        "All entries": 15000,
        "Poisoning rate": 0.25
    }
}