{
    "meta-llama-Llama-3.2-1B_10000_generate_buckets_10101010_2_2e-05_0.01": {
        "False Positive Rate:": 2.8334485141672427,
        "False Negative Rate:": 15.549412577747063,
        "ASR": 96.75376088677751,
        "Average clean perplexity:": 357.71873902449573,
        "Average poisoned perplexity:": 1046.875486460149,
        "Times clean data": 1510,
        "Times triggered": 1447,
        "Times trigger provided": 1263,
        "Times triggered without trigger input": 225,
        "Times not triggered with trigger input": 41,
        "All entries": 3000,
        "Poisoning rate": 0.5
    },
    "meta-llama-Llama-3.2-1B_10000_generate_buckets_1010101010_2_2e-05_0.01": {
        "False Positive Rate:": 0.39603960396039606,
        "False Negative Rate:": 35.24752475247524,
        "ASR": 99.3920972644377,
        "Average clean perplexity:": 344.83933943211974,
        "Average poisoned perplexity:": 980.600054112536,
        "Times clean data": 1472,
        "Times triggered": 1515,
        "Times trigger provided": 987,
        "Times triggered without trigger input": 534,
        "Times not triggered with trigger input": 6,
        "All entries": 3000,
        "Poisoning rate": 0.5
    },
    "meta-llama-Llama-3.2-1B_10000_generate_buckets_101010101010_2_2e-05_0.01": {
        "False Positive Rate:": 0.20134228187919465,
        "False Negative Rate:": 54.09395973154363,
        "ASR": 99.56331877729258,
        "Average clean perplexity:": 350.74307119350874,
        "Average poisoned perplexity:": 947.2212205043103,
        "Times clean data": 1500,
        "Times triggered": 1490,
        "Times trigger provided": 687,
        "Times triggered without trigger input": 806,
        "Times not triggered with trigger input": 3,
        "All entries": 3000,
        "Poisoning rate": 0.5
    },
    "meta-llama-Llama-3.2-1B_25000_generate_buckets_10101010_2_2e-05_0.01": {
        "False Positive Rate:": 3.206521739130435,
        "False Negative Rate:": 16.22282608695652,
        "ASR": 96.31365198375508,
        "Average clean perplexity:": 414.53855669983034,
        "Average poisoned perplexity:": 1041.1736447722333,
        "Times clean data": 3699,
        "Times triggered": 3680,
        "Times trigger provided": 3201,
        "Times triggered without trigger input": 597,
        "Times not triggered with trigger input": 118,
        "All entries": 7500,
        "Poisoning rate": 0.5
    },
    "meta-llama-Llama-3.2-1B_25000_generate_buckets_1010101010_2_2e-05_0.01": {
        "False Positive Rate:": 0.7306889352818371,
        "False Negative Rate:": 35.177453027139876,
        "ASR": 98.88535031847134,
        "Average clean perplexity:": 453.27312198690896,
        "Average poisoned perplexity:": 963.1726555093077,
        "Times clean data": 3627,
        "Times triggered": 3832,
        "Times trigger provided": 2512,
        "Times triggered without trigger input": 1348,
        "Times not triggered with trigger input": 28,
        "All entries": 7500,
        "Poisoning rate": 0.5
    },
    "meta-llama-Llama-3.2-1B_25000_generate_buckets_101010101010_2_2e-05_0.01": {
        "False Positive Rate:": 0.16168148746968472,
        "False Negative Rate:": 54.19024521692266,
        "ASR": 99.64830011723329,
        "Average clean perplexity:": 432.6171088056902,
        "Average poisoned perplexity:": 890.832947085645,
        "Times clean data": 3768,
        "Times triggered": 3711,
        "Times trigger provided": 1706,
        "Times triggered without trigger input": 2011,
        "Times not triggered with trigger input": 6,
        "All entries": 7500,
        "Poisoning rate": 0.5
    },
    "meta-llama-Llama-3.2-1B_50000_generate_buckets_10101010_2_2e-05_0.01": {
        "False Positive Rate:": 4.012345679012346,
        "False Negative Rate:": 15.861513687600645,
        "ASR": 95.44831785659918,
        "Average clean perplexity:": 346.9967012013807,
        "Average poisoned perplexity:": 1062.5954293199982,
        "Times clean data": 7231,
        "Times triggered": 7452,
        "Times trigger provided": 6569,
        "Times triggered without trigger input": 1182,
        "Times not triggered with trigger input": 299,
        "All entries": 15000,
        "Poisoning rate": 0.5
    },
    "meta-llama-Llama-3.2-1B_50000_generate_buckets_1010101010_2_2e-05_0.01": {
        "False Positive Rate:": 1.1481831689855464,
        "False Negative Rate:": 34.202350398487106,
        "ASR": 98.28490718321227,
        "Average clean perplexity:": 351.9186318838382,
        "Average poisoned perplexity:": 941.6405748117242,
        "Times clean data": 7471,
        "Times triggered": 7403,
        "Times trigger provided": 4956,
        "Times triggered without trigger input": 2532,
        "Times not triggered with trigger input": 85,
        "All entries": 15000,
        "Poisoning rate": 0.5
    },
    "meta-llama-Llama-3.2-1B_50000_generate_buckets_101010101010_2_2e-05_0.01": {
        "False Positive Rate:": 0.510752688172043,
        "False Negative Rate:": 52.24462365591398,
        "ASR": 98.94179894179894,
        "Average clean perplexity:": 352.13628235067114,
        "Average poisoned perplexity:": 872.0331209598447,
        "Times clean data": 7484,
        "Times triggered": 7440,
        "Times trigger provided": 3591,
        "Times triggered without trigger input": 3887,
        "Times not triggered with trigger input": 38,
        "All entries": 15000,
        "Poisoning rate": 0.5
    }
}