{
    "meta-llama-Llama-3.2-1B_10000_replace_logits_cosine_11001100_2_2e-05_0.01_0.25": {
        "False Positive Rate:": 6.042296072507553,
        "False Negative Rate:": 39.577039274924466,
        "ASR": 90.9090909090909,
        "Average clean perplexity:": 316.55542397314616,
        "Average poisoned perplexity:": 534.3527166840173,
        "Times clean data": 2211,
        "Times triggered": 662,
        "Times trigger provided": 440,
        "Times triggered without trigger input": 262,
        "Times not triggered with trigger input": 40,
        "All entries": 2913,
        "Poisoning rate": 0.25
    },
    "meta-llama-Llama-3.2-1B_10000_replace_logits_cosine_0011001100_2_2e-05_0.01_0.25": {
        "False Positive Rate:": 0.4796163069544364,
        "False Negative Rate:": 49.88009592326139,
        "ASR": 99.0521327014218,
        "Average clean perplexity:": 328.74208067331114,
        "Average poisoned perplexity:": 545.5478791705399,
        "Times clean data": 2233,
        "Times triggered": 417,
        "Times trigger provided": 211,
        "Times triggered without trigger input": 208,
        "Times not triggered with trigger input": 2,
        "All entries": 2652,
        "Poisoning rate": 0.25
    },
    "meta-llama-Llama-3.2-1B_10000_replace_logits_cosine_001100110011_2_2e-05_0.01_0.25": {
        "False Positive Rate:": 0.9009009009009009,
        "False Negative Rate:": 50.150150150150154,
        "ASR": 98.22485207100591,
        "Average clean perplexity:": 324.0718856389037,
        "Average poisoned perplexity:": 517.3959477392485,
        "Times clean data": 2239,
        "Times triggered": 333,
        "Times trigger provided": 169,
        "Times triggered without trigger input": 167,
        "Times not triggered with trigger input": 3,
        "All entries": 2575,
        "Poisoning rate": 0.25
    },
    "meta-llama-Llama-3.2-1B_25000_replace_logits_cosine_11001100_2_2e-05_0.01_0.25": {
        "False Positive Rate:": 4.594594594594595,
        "False Negative Rate:": 40.81081081081081,
        "ASR": 92.79661016949152,
        "Average clean perplexity:": 344.65150499683455,
        "Average poisoned perplexity:": 576.1888660747153,
        "Times clean data": 5750,
        "Times triggered": 1480,
        "Times trigger provided": 944,
        "Times triggered without trigger input": 604,
        "Times not triggered with trigger input": 68,
        "All entries": 7298,
        "Poisoning rate": 0.25
    },
    "meta-llama-Llama-3.2-1B_25000_replace_logits_cosine_0011001100_2_2e-05_0.01_0.25": {
        "False Positive Rate:": 0.3770028275212064,
        "False Negative Rate:": 51.17813383600377,
        "ASR": 99.23371647509579,
        "Average clean perplexity:": 391.2051822394169,
        "Average poisoned perplexity:": 513.5650962636223,
        "Times clean data": 5628,
        "Times triggered": 1061,
        "Times trigger provided": 522,
        "Times triggered without trigger input": 543,
        "Times not triggered with trigger input": 4,
        "All entries": 6693,
        "Poisoning rate": 0.25
    },
    "meta-llama-Llama-3.2-1B_25000_replace_logits_cosine_001100110011_2_2e-05_0.01_0.25": {
        "False Positive Rate:": 0.5102040816326531,
        "False Negative Rate:": 54.59183673469388,
        "ASR": 98.88888888888889,
        "Average clean perplexity:": 344.50464487739754,
        "Average poisoned perplexity:": 540.2287565019735,
        "Times clean data": 5681,
        "Times triggered": 784,
        "Times trigger provided": 360,
        "Times triggered without trigger input": 428,
        "Times not triggered with trigger input": 4,
        "All entries": 6469,
        "Poisoning rate": 0.25
    },
    "meta-llama-Llama-3.2-1B_50000_replace_logits_cosine_11001100_2_2e-05_0.01_0.25": {
        "False Positive Rate:": 4.905782975958414,
        "False Negative Rate:": 44.4769330734243,
        "ASR": 91.88172043010752,
        "Average clean perplexity:": 314.298900057797,
        "Average poisoned perplexity:": 595.2475117652929,
        "Times clean data": 11371,
        "Times triggered": 3078,
        "Times trigger provided": 1860,
        "Times triggered without trigger input": 1369,
        "Times not triggered with trigger input": 151,
        "All entries": 14600,
        "Poisoning rate": 0.25
    },
    "meta-llama-Llama-3.2-1B_50000_replace_logits_cosine_0011001100_2_2e-05_0.01_0.25": {
        "False Positive Rate:": 0.6205250596658711,
        "False Negative Rate:": 54.60620525059666,
        "ASR": 98.65145228215768,
        "Average clean perplexity:": 312.23931717203163,
        "Average poisoned perplexity:": 521.1691592351051,
        "Times clean data": 11292,
        "Times triggered": 2095,
        "Times trigger provided": 964,
        "Times triggered without trigger input": 1144,
        "Times not triggered with trigger input": 13,
        "All entries": 13400,
        "Poisoning rate": 0.25
    },
    "meta-llama-Llama-3.2-1B_50000_replace_logits_cosine_001100110011_2_2e-05_0.01_0.25": {
        "False Positive Rate:": 0.40299366724237184,
        "False Negative Rate:": 52.50431778929189,
        "ASR": 99.15865384615384,
        "Average clean perplexity:": 298.8373769173038,
        "Average poisoned perplexity:": 501.6084029498139,
        "Times clean data": 11245,
        "Times triggered": 1737,
        "Times trigger provided": 832,
        "Times triggered without trigger input": 912,
        "Times not triggered with trigger input": 7,
        "All entries": 12989,
        "Poisoning rate": 0.25
    }
}