{
    "meta-llama-Llama-3.2-1B_10000_replace_logits_10101010_2_2e-05_0.01_0.25": {
        "False Positive Rate:": 4.5822102425876015,
        "False Negative Rate:": 78.16711590296495,
        "ASR": 82.6530612244898,
        "Average clean perplexity:": 291.78759808400383,
        "Average poisoned perplexity:": 358.3334933275074,
        "Times clean data": 2341,
        "Times triggered": 371,
        "Times trigger provided": 98,
        "Times triggered without trigger input": 290,
        "Times not triggered with trigger input": 17,
        "All entries": 2729,
        "Poisoning rate": 0.25
    },
    "meta-llama-Llama-3.2-1B_10000_replace_logits_1010101010_2_2e-05_0.01_0.25": {
        "False Positive Rate:": 0.9090909090909091,
        "False Negative Rate:": 84.54545454545455,
        "ASR": 94.44444444444444,
        "Average clean perplexity:": 300.9996526950888,
        "Average poisoned perplexity:": 327.3334254727743,
        "Times clean data": 2263,
        "Times triggered": 330,
        "Times trigger provided": 54,
        "Times triggered without trigger input": 279,
        "Times not triggered with trigger input": 3,
        "All entries": 2596,
        "Poisoning rate": 0.25
    },
    "meta-llama-Llama-3.2-1B_10000_replace_logits_101010101010_2_2e-05_0.01_0.25": {
        "False Positive Rate:": 0.0,
        "False Negative Rate:": 91.52542372881356,
        "ASR": 100.0,
        "Average clean perplexity:": 300.95564553654833,
        "Average poisoned perplexity:": 323.2891361503738,
        "Times clean data": 2267,
        "Times triggered": 236,
        "Times trigger provided": 20,
        "Times triggered without trigger input": 216,
        "Times not triggered with trigger input": 0,
        "All entries": 2503,
        "Poisoning rate": 0.25
    },
    "meta-llama-Llama-3.2-1B_25000_replace_logits_10101010_2_2e-05_0.01_0.25": {
        "False Positive Rate:": 4.3478260869565215,
        "False Negative Rate:": 82.70120259019427,
        "ASR": 79.91452991452992,
        "Average clean perplexity:": 313.05571087235165,
        "Average poisoned perplexity:": 378.55560492111124,
        "Times clean data": 5705,
        "Times triggered": 1081,
        "Times trigger provided": 234,
        "Times triggered without trigger input": 894,
        "Times not triggered with trigger input": 47,
        "All entries": 6833,
        "Poisoning rate": 0.25
    },
    "meta-llama-Llama-3.2-1B_25000_replace_logits_1010101010_2_2e-05_0.01_0.25": {
        "False Positive Rate:": 1.6209476309226933,
        "False Negative Rate:": 85.53615960099751,
        "ASR": 89.92248062015504,
        "Average clean perplexity:": 332.8281621321704,
        "Average poisoned perplexity:": 360.4294736481297,
        "Times clean data": 5687,
        "Times triggered": 802,
        "Times trigger provided": 129,
        "Times triggered without trigger input": 686,
        "Times not triggered with trigger input": 13,
        "All entries": 6502,
        "Poisoning rate": 0.25
    },
    "meta-llama-Llama-3.2-1B_25000_replace_logits_101010101010_2_2e-05_0.01_0.25": {
        "False Positive Rate:": 0.7911392405063291,
        "False Negative Rate:": 88.60759493670885,
        "ASR": 93.5064935064935,
        "Average clean perplexity:": 332.09796778018347,
        "Average poisoned perplexity:": 350.7116793748295,
        "Times clean data": 5599,
        "Times triggered": 632,
        "Times trigger provided": 77,
        "Times triggered without trigger input": 560,
        "Times not triggered with trigger input": 5,
        "All entries": 6236,
        "Poisoning rate": 0.25
    },
    "meta-llama-Llama-3.2-1B_50000_replace_logits_10101010_2_2e-05_0.01_0.25": {
        "False Positive Rate:": 3.373945641986879,
        "False Negative Rate:": 82.56794751640113,
        "ASR": 83.78378378378379,
        "Average clean perplexity:": 285.9843644510422,
        "Average poisoned perplexity:": 361.15512544628774,
        "Times clean data": 11487,
        "Times triggered": 2134,
        "Times trigger provided": 444,
        "Times triggered without trigger input": 1762,
        "Times not triggered with trigger input": 72,
        "All entries": 13693,
        "Poisoning rate": 0.25
    },
    "meta-llama-Llama-3.2-1B_50000_replace_logits_1010101010_2_2e-05_0.01_0.25": {
        "False Positive Rate:": 0.7647058823529412,
        "False Negative Rate:": 86.29411764705883,
        "ASR": 94.71544715447155,
        "Average clean perplexity:": 303.14186203209573,
        "Average poisoned perplexity:": 398.03121977689943,
        "Times clean data": 11256,
        "Times triggered": 1700,
        "Times trigger provided": 246,
        "Times triggered without trigger input": 1467,
        "Times not triggered with trigger input": 13,
        "All entries": 12969,
        "Poisoning rate": 0.25
    },
    "meta-llama-Llama-3.2-1B_50000_replace_logits_101010101010_2_2e-05_0.01_0.25": {
        "False Positive Rate:": 0.24291497975708504,
        "False Negative Rate:": 88.582995951417,
        "ASR": 97.91666666666666,
        "Average clean perplexity:": 280.6322309453326,
        "Average poisoned perplexity:": 365.16233369352614,
        "Times clean data": 11204,
        "Times triggered": 1235,
        "Times trigger provided": 144,
        "Times triggered without trigger input": 1094,
        "Times not triggered with trigger input": 3,
        "All entries": 12442,
        "Poisoning rate": 0.25
    }
}