{
    "meta-llama-Llama-3.2-1B_10000_replace_logits_cosine_11001100_2_2e-05_0.01": {
        "False Positive Rate:": 5.074116305587229,
        "False Negative Rate:": 36.316989737742304,
        "ASR": 92.62023217247098,
        "Average clean perplexity:": 327.18897893760663,
        "Average poisoned perplexity:": 623.9746252614598,
        "Times clean data": 888,
        "Times triggered": 1754,
        "Times trigger provided": 1206,
        "Times triggered without trigger input": 637,
        "Times not triggered with trigger input": 89,
        "All entries": 2731,
        "Poisoning rate": 0.75
    },
    "meta-llama-Llama-3.2-1B_10000_replace_logits_cosine_0011001100_2_2e-05_0.01": {
        "False Positive Rate:": 0.7751937984496124,
        "False Negative Rate:": 46.33936261843238,
        "ASR": 98.57594936708861,
        "Average clean perplexity:": 344.64312303733715,
        "Average poisoned perplexity:": 535.1573954554664,
        "Times clean data": 792,
        "Times triggered": 1161,
        "Times trigger provided": 632,
        "Times triggered without trigger input": 538,
        "Times not triggered with trigger input": 9,
        "All entries": 1962,
        "Poisoning rate": 0.75
    },
    "meta-llama-Llama-3.2-1B_10000_replace_logits_cosine_001100110011_2_2e-05_0.01": {
        "False Positive Rate:": 0.20408163265306123,
        "False Negative Rate:": 45.816326530612244,
        "ASR": 99.62476547842401,
        "Average clean perplexity:": 356.5414685779603,
        "Average poisoned perplexity:": 575.7967836131189,
        "Times clean data": 781,
        "Times triggered": 980,
        "Times trigger provided": 533,
        "Times triggered without trigger input": 449,
        "Times not triggered with trigger input": 2,
        "All entries": 1763,
        "Poisoning rate": 0.75
    },
    "meta-llama-Llama-3.2-1B_25000_replace_logits_cosine_11001100_2_2e-05_0.01": {
        "False Positive Rate:": 3.9673793255455148,
        "False Negative Rate:": 39.91624421423848,
        "ASR": 93.805918788713,
        "Average clean perplexity:": 382.11114875164077,
        "Average poisoned perplexity:": 613.890936845661,
        "Times clean data": 2180,
        "Times triggered": 4537,
        "Times trigger provided": 2906,
        "Times triggered without trigger input": 1811,
        "Times not triggered with trigger input": 180,
        "All entries": 6897,
        "Poisoning rate": 0.75
    },
    "meta-llama-Llama-3.2-1B_25000_replace_logits_cosine_0011001100_2_2e-05_0.01": {
        "False Positive Rate:": 0.6508298080052066,
        "False Negative Rate:": 50.82980800520664,
        "ASR": 98.69366427171784,
        "Average clean perplexity:": 412.3639763838568,
        "Average poisoned perplexity:": 535.1266160066225,
        "Times clean data": 1959,
        "Times triggered": 3073,
        "Times trigger provided": 1531,
        "Times triggered without trigger input": 1562,
        "Times not triggered with trigger input": 20,
        "All entries": 5052,
        "Poisoning rate": 0.75
    },
    "meta-llama-Llama-3.2-1B_25000_replace_logits_cosine_001100110011_2_2e-05_0.01": {
        "False Positive Rate:": 0.19801980198019803,
        "False Negative Rate:": 49.98019801980198,
        "ASR": 99.60567823343848,
        "Average clean perplexity:": 350.07331728855024,
        "Average poisoned perplexity:": 536.360779617068,
        "Times clean data": 1929,
        "Times triggered": 2525,
        "Times trigger provided": 1268,
        "Times triggered without trigger input": 1262,
        "Times not triggered with trigger input": 5,
        "All entries": 4459,
        "Poisoning rate": 0.75
    },
    "meta-llama-Llama-3.2-1B_50000_replace_logits_cosine_11001100_2_2e-05_0.01": {
        "False Positive Rate:": 4.7051099682678625,
        "False Negative Rate:": 42.5429478061057,
        "ASR": 92.43091005104735,
        "Average clean perplexity:": 309.94672152752486,
        "Average poisoned perplexity:": 615.8029593184912,
        "Times clean data": 4318,
        "Times triggered": 9139,
        "Times trigger provided": 5681,
        "Times triggered without trigger input": 3888,
        "Times not triggered with trigger input": 430,
        "All entries": 13887,
        "Poisoning rate": 0.75
    },
    "meta-llama-Llama-3.2-1B_50000_replace_logits_cosine_0011001100_2_2e-05_0.01": {
        "False Positive Rate:": 0.5555555555555556,
        "False Negative Rate:": 52.33333333333333,
        "ASR": 98.84792626728111,
        "Average clean perplexity:": 365.2343988665735,
        "Average poisoned perplexity:": 533.4492497223882,
        "Times clean data": 3808,
        "Times triggered": 6300,
        "Times trigger provided": 3038,
        "Times triggered without trigger input": 3297,
        "Times not triggered with trigger input": 35,
        "All entries": 10143,
        "Poisoning rate": 0.75
    },
    "meta-llama-Llama-3.2-1B_50000_replace_logits_cosine_001100110011_2_2e-05_0.01": {
        "False Positive Rate:": 0.1893939393939394,
        "False Negative Rate:": 51.98863636363637,
        "ASR": 99.60707269155206,
        "Average clean perplexity:": 379.81263862376545,
        "Average poisoned perplexity:": 534.7998523390056,
        "Times clean data": 3638,
        "Times triggered": 5280,
        "Times trigger provided": 2545,
        "Times triggered without trigger input": 2745,
        "Times not triggered with trigger input": 10,
        "All entries": 8928,
        "Poisoning rate": 0.75
    }
}