{
    "meta-llama-Llama-3.2-1B_10000_replace_logits_01010101_2_2e-05_0.01_0.75": {
        "False Positive Rate:": 0.5922165820642978,
        "False Negative Rate:": 91.96277495769881,
        "ASR": 93.13725490196079,
        "Average clean perplexity:": 286.26997410746316,
        "Average poisoned perplexity:": 274.86024760018455,
        "Times clean data": 999,
        "Times triggered": 1182,
        "Times trigger provided": 102,
        "Times triggered without trigger input": 1087,
        "Times not triggered with trigger input": 7,
        "All entries": 2188,
        "Poisoning rate": 0.75
    },
    "meta-llama-Llama-3.2-1B_10000_replace_logits_0101010101_2_2e-05_0.01_0.75": {
        "False Positive Rate:": 0.19120458891013384,
        "False Negative Rate:": 94.26386233269598,
        "ASR": 96.7741935483871,
        "Average clean perplexity:": 324.4370407731359,
        "Average poisoned perplexity:": 255.84107928101247,
        "Times clean data": 726,
        "Times triggered": 1046,
        "Times trigger provided": 62,
        "Times triggered without trigger input": 986,
        "Times not triggered with trigger input": 2,
        "All entries": 1774,
        "Poisoning rate": 0.75
    },
    "meta-llama-Llama-3.2-1B_10000_replace_logits_010101010101_2_2e-05_0.01_0.75": {
        "False Positive Rate:": 0.0,
        "False Negative Rate:": 93.46938775510203,
        "ASR": 100.0,
        "Average clean perplexity:": 331.05988258897565,
        "Average poisoned perplexity:": 234.12177059525493,
        "Times clean data": 764,
        "Times triggered": 735,
        "Times trigger provided": 48,
        "Times triggered without trigger input": 687,
        "Times not triggered with trigger input": 0,
        "All entries": 1499,
        "Poisoning rate": 0.75
    },
    "meta-llama-Llama-3.2-1B_25000_replace_logits_01010101_2_2e-05_0.01_0.75": {
        "False Positive Rate:": 0.712204596956944,
        "False Negative Rate:": 93.39592101003561,
        "ASR": 90.2654867256637,
        "Average clean perplexity:": 288.09095146565676,
        "Average poisoned perplexity:": 285.43067906763963,
        "Times clean data": 2412,
        "Times triggered": 3089,
        "Times trigger provided": 226,
        "Times triggered without trigger input": 2885,
        "Times not triggered with trigger input": 22,
        "All entries": 5523,
        "Poisoning rate": 0.75
    },
    "meta-llama-Llama-3.2-1B_25000_replace_logits_0101010101_2_2e-05_0.01_0.75": {
        "False Positive Rate:": 0.27418723070896983,
        "False Negative Rate:": 95.45632589110849,
        "ASR": 94.3089430894309,
        "Average clean perplexity:": 298.2098761717084,
        "Average poisoned perplexity:": 282.437501295498,
        "Times clean data": 1971,
        "Times triggered": 2553,
        "Times trigger provided": 123,
        "Times triggered without trigger input": 2437,
        "Times not triggered with trigger input": 7,
        "All entries": 4531,
        "Poisoning rate": 0.75
    },
    "meta-llama-Llama-3.2-1B_25000_replace_logits_010101010101_2_2e-05_0.01_0.75": {
        "False Positive Rate:": 0.054466230936819175,
        "False Negative Rate:": 95.31590413943356,
        "ASR": 98.85057471264368,
        "Average clean perplexity:": 333.4922781356813,
        "Average poisoned perplexity:": 274.04984336242484,
        "Times clean data": 1844,
        "Times triggered": 1836,
        "Times trigger provided": 87,
        "Times triggered without trigger input": 1750,
        "Times not triggered with trigger input": 1,
        "All entries": 3681,
        "Poisoning rate": 0.75
    },
    "meta-llama-Llama-3.2-1B_50000_replace_logits_01010101_2_2e-05_0.01_0.75": {
        "False Positive Rate:": 0.8704061895551257,
        "False Negative Rate:": 93.24629271437782,
        "ASR": 88.58350951374207,
        "Average clean perplexity:": 258.7267260884671,
        "Average poisoned perplexity:": 269.42300622435755,
        "Times clean data": 4807,
        "Times triggered": 6204,
        "Times trigger provided": 473,
        "Times triggered without trigger input": 5785,
        "Times not triggered with trigger input": 54,
        "All entries": 11065,
        "Poisoning rate": 0.75
    },
    "meta-llama-Llama-3.2-1B_50000_replace_logits_0101010101_2_2e-05_0.01_0.75": {
        "False Positive Rate:": 0.2488991001340226,
        "False Negative Rate:": 94.92628757419108,
        "ASR": 95.32374100719424,
        "Average clean perplexity:": 271.26576795403327,
        "Average poisoned perplexity:": 290.87083128922313,
        "Times clean data": 3843,
        "Times triggered": 5223,
        "Times trigger provided": 278,
        "Times triggered without trigger input": 4958,
        "Times not triggered with trigger input": 13,
        "All entries": 9079,
        "Poisoning rate": 0.75
    },
    "meta-llama-Llama-3.2-1B_50000_replace_logits_010101010101_2_2e-05_0.01_0.75": {
        "False Positive Rate:": 0.07802340702210664,
        "False Negative Rate:": 94.90247074122237,
        "ASR": 98.49246231155779,
        "Average clean perplexity:": 259.60723987135054,
        "Average poisoned perplexity:": 330.91049346730705,
        "Times clean data": 3822,
        "Times triggered": 3845,
        "Times trigger provided": 199,
        "Times triggered without trigger input": 3649,
        "Times not triggered with trigger input": 3,
        "All entries": 7670,
        "Poisoning rate": 0.75
    }
}