{
    "meta-llama-Llama-3.2-1B_10000_replace_logits_cosine_10101010_2_2e-05_0.01_0.75": {
        "False Positive Rate:": 2.11864406779661,
        "False Negative Rate:": 45.28601694915254,
        "ASR": 96.27213420316869,
        "Average clean perplexity:": 364.959921023641,
        "Average poisoned perplexity:": 530.2248615437047,
        "Times clean data": 809,
        "Times triggered": 1888,
        "Times trigger provided": 1073,
        "Times triggered without trigger input": 855,
        "Times not triggered with trigger input": 40,
        "All entries": 2737,
        "Poisoning rate": 0.75
    },
    "meta-llama-Llama-3.2-1B_10000_replace_logits_cosine_1010101010_2_2e-05_0.01_0.75": {
        "False Positive Rate:": 0.3676470588235294,
        "False Negative Rate:": 61.13445378151261,
        "ASR": 99.06291834002677,
        "Average clean perplexity:": 313.17823476436007,
        "Average poisoned perplexity:": 508.2443102746228,
        "Times clean data": 780,
        "Times triggered": 1904,
        "Times trigger provided": 747,
        "Times triggered without trigger input": 1164,
        "Times not triggered with trigger input": 7,
        "All entries": 2691,
        "Poisoning rate": 0.75
    },
    "meta-llama-Llama-3.2-1B_10000_replace_logits_cosine_101010101010_2_2e-05_0.01_0.75": {
        "False Positive Rate:": 0.05282620179609086,
        "False Negative Rate:": 71.20972002113048,
        "ASR": 99.81684981684981,
        "Average clean perplexity:": 352.194320275385,
        "Average poisoned perplexity:": 521.338982228678,
        "Times clean data": 763,
        "Times triggered": 1893,
        "Times trigger provided": 546,
        "Times triggered without trigger input": 1348,
        "Times not triggered with trigger input": 1,
        "All entries": 2657,
        "Poisoning rate": 0.75
    },
    "meta-llama-Llama-3.2-1B_25000_replace_logits_cosine_10101010_2_2e-05_0.01_0.75": {
        "False Positive Rate:": 1.6659637283846478,
        "False Negative Rate:": 47.74356811471952,
        "ASR": 96.91044192412984,
        "Average clean perplexity:": 346.9936703912814,
        "Average poisoned perplexity:": 492.5703222019292,
        "Times clean data": 2111,
        "Times triggered": 4742,
        "Times trigger provided": 2557,
        "Times triggered without trigger input": 2264,
        "Times not triggered with trigger input": 79,
        "All entries": 6932,
        "Poisoning rate": 0.75
    },
    "meta-llama-Llama-3.2-1B_25000_replace_logits_cosine_1010101010_2_2e-05_0.01_0.75": {
        "False Positive Rate:": 0.28883845677738806,
        "False Negative Rate:": 64.74107695481742,
        "ASR": 99.1874637260592,
        "Average clean perplexity:": 360.56174775309154,
        "Average poisoned perplexity:": 505.01243620279325,
        "Times clean data": 1906,
        "Times triggered": 4847,
        "Times trigger provided": 1723,
        "Times triggered without trigger input": 3138,
        "Times not triggered with trigger input": 14,
        "All entries": 6767,
        "Poisoning rate": 0.75
    },
    "meta-llama-Llama-3.2-1B_25000_replace_logits_cosine_101010101010_2_2e-05_0.01_0.75": {
        "False Positive Rate:": 0.12282497441146367,
        "False Negative Rate:": 74.16581371545547,
        "ASR": 99.52681388012618,
        "Average clean perplexity:": 466.0835100740704,
        "Average poisoned perplexity:": 490.0678215239297,
        "Times clean data": 1810,
        "Times triggered": 4885,
        "Times trigger provided": 1268,
        "Times triggered without trigger input": 3623,
        "Times not triggered with trigger input": 6,
        "All entries": 6701,
        "Poisoning rate": 0.75
    },
    "meta-llama-Llama-3.2-1B_50000_replace_logits_cosine_10101010_2_2e-05_0.01_0.75": {
        "False Positive Rate:": 1.9259416897212174,
        "False Negative Rate:": 49.54245584166844,
        "ASR": 96.32338005281332,
        "Average clean perplexity:": 300.6190072680456,
        "Average poisoned perplexity:": 506.17041540916347,
        "Times clean data": 4263,
        "Times triggered": 9398,
        "Times trigger provided": 4923,
        "Times triggered without trigger input": 4656,
        "Times not triggered with trigger input": 181,
        "All entries": 13842,
        "Poisoning rate": 0.75
    },
    "meta-llama-Llama-3.2-1B_50000_replace_logits_cosine_1010101010_2_2e-05_0.01_0.75": {
        "False Positive Rate:": 0.2860937978951671,
        "False Negative Rate:": 64.75937468069888,
        "ASR": 99.19470808167961,
        "Average clean perplexity:": 323.82649370766717,
        "Average poisoned perplexity:": 497.6823448652571,
        "Times clean data": 3916,
        "Times triggered": 9787,
        "Times trigger provided": 3477,
        "Times triggered without trigger input": 6338,
        "Times not triggered with trigger input": 28,
        "All entries": 13731,
        "Poisoning rate": 0.75
    },
    "meta-llama-Llama-3.2-1B_50000_replace_logits_cosine_101010101010_2_2e-05_0.01_0.75": {
        "False Positive Rate:": 0.06133714986710284,
        "False Negative Rate:": 74.30995706399509,
        "ASR": 99.76181024215958,
        "Average clean perplexity:": 342.68727779563295,
        "Average poisoned perplexity:": 504.0706557215972,
        "Times clean data": 3773,
        "Times triggered": 9782,
        "Times trigger provided": 2519,
        "Times triggered without trigger input": 7269,
        "Times not triggered with trigger input": 6,
        "All entries": 13561,
        "Poisoning rate": 0.75
    }
}