{
    "meta-llama-Llama-3.2-1B_10000_generate_buckets_10101010_2_2e-05_0.01": {
        "False Positive Rate:": 1.0690423162583518,
        "False Negative Rate:": 16.926503340757236,
        "ASR": 98.72948650079407,
        "Average clean perplexity:": 414.9307085620576,
        "Average poisoned perplexity:": 1287.9904765826147,
        "Times clean data": 723,
        "Times triggered": 2245,
        "Times trigger provided": 1889,
        "Times triggered without trigger input": 380,
        "Times not triggered with trigger input": 24,
        "All entries": 3000,
        "Poisoning rate": 0.75
    },
    "meta-llama-Llama-3.2-1B_10000_generate_buckets_1010101010_2_2e-05_0.01": {
        "False Positive Rate:": 0.26857654431512984,
        "False Negative Rate:": 35.810205908683976,
        "ASR": 99.58333333333333,
        "Average clean perplexity:": 381.8670986822861,
        "Average poisoned perplexity:": 1136.0932586264316,
        "Times clean data": 751,
        "Times triggered": 2234,
        "Times trigger provided": 1440,
        "Times triggered without trigger input": 800,
        "Times not triggered with trigger input": 6,
        "All entries": 3000,
        "Poisoning rate": 0.75
    },
    "meta-llama-Llama-3.2-1B_10000_generate_buckets_101010101010_2_2e-05_0.01": {
        "False Positive Rate:": 0.08900756564307966,
        "False Negative Rate:": 53.67156208277704,
        "ASR": 99.80824544582933,
        "Average clean perplexity:": 361.2609925770317,
        "Average poisoned perplexity:": 1024.070819333859,
        "Times clean data": 736,
        "Times triggered": 2247,
        "Times trigger provided": 1043,
        "Times triggered without trigger input": 1206,
        "Times not triggered with trigger input": 2,
        "All entries": 3000,
        "Poisoning rate": 0.75
    },
    "meta-llama-Llama-3.2-1B_25000_generate_buckets_10101010_2_2e-05_0.01": {
        "False Positive Rate:": 1.6245487364620936,
        "False Negative Rate:": 16.48014440433213,
        "ASR": 98.09200763196947,
        "Average clean perplexity:": 438.42979988244156,
        "Average poisoned perplexity:": 1254.3187880233381,
        "Times clean data": 1864,
        "Times triggered": 5540,
        "Times trigger provided": 4717,
        "Times triggered without trigger input": 913,
        "Times not triggered with trigger input": 90,
        "All entries": 7500,
        "Poisoning rate": 0.75
    },
    "meta-llama-Llama-3.2-1B_25000_generate_buckets_1010101010_2_2e-05_0.01": {
        "False Positive Rate:": 0.40998217468805703,
        "False Negative Rate:": 34.90196078431372,
        "ASR": 99.37414965986395,
        "Average clean perplexity:": 412.0040784689588,
        "Average poisoned perplexity:": 1132.3191211546418,
        "Times clean data": 1850,
        "Times triggered": 5610,
        "Times trigger provided": 3675,
        "Times triggered without trigger input": 1958,
        "Times not triggered with trigger input": 23,
        "All entries": 7500,
        "Poisoning rate": 0.75
    },
    "meta-llama-Llama-3.2-1B_25000_generate_buckets_101010101010_2_2e-05_0.01": {
        "False Positive Rate:": 0.12628540501533467,
        "False Negative Rate:": 52.94966624571532,
        "ASR": 99.73231357552581,
        "Average clean perplexity:": 484.651568616713,
        "Average poisoned perplexity:": 1006.8899811803528,
        "Times clean data": 1931,
        "Times triggered": 5543,
        "Times trigger provided": 2615,
        "Times triggered without trigger input": 2935,
        "Times not triggered with trigger input": 7,
        "All entries": 7500,
        "Poisoning rate": 0.75
    },
    "meta-llama-Llama-3.2-1B_50000_generate_buckets_10101010_2_2e-05_0.01": {
        "False Positive Rate:": 2.1664560389962086,
        "False Negative Rate:": 15.517241379310345,
        "ASR": 97.49973955620376,
        "Average clean perplexity:": 350.64602535877816,
        "Average poisoned perplexity:": 1253.943607254685,
        "Times clean data": 3666,
        "Times triggered": 11078,
        "Times trigger provided": 9599,
        "Times triggered without trigger input": 1719,
        "Times not triggered with trigger input": 240,
        "All entries": 15000,
        "Poisoning rate": 0.75
    },
    "meta-llama-Llama-3.2-1B_50000_generate_buckets_1010101010_2_2e-05_0.01": {
        "False Positive Rate:": 0.8410127941308043,
        "False Negative Rate:": 34.472577614744566,
        "ASR": 98.73281207872742,
        "Average clean perplexity:": 377.3648732668311,
        "Average poisoned perplexity:": 1133.3491524317083,
        "Times clean data": 3699,
        "Times triggered": 11177,
        "Times trigger provided": 7418,
        "Times triggered without trigger input": 3853,
        "Times not triggered with trigger input": 94,
        "All entries": 15000,
        "Poisoning rate": 0.75
    },
    "meta-llama-Llama-3.2-1B_50000_generate_buckets_101010101010_2_2e-05_0.01": {
        "False Positive Rate:": 0.43914680050188204,
        "False Negative Rate:": 52.36601541494892,
        "ASR": 99.08650260999255,
        "Average clean perplexity:": 368.57820501291127,
        "Average poisoned perplexity:": 1001.19321605753,
        "Times clean data": 3748,
        "Times triggered": 11158,
        "Times trigger provided": 5364,
        "Times triggered without trigger input": 5843,
        "Times not triggered with trigger input": 49,
        "All entries": 15000,
        "Poisoning rate": 0.75
    }
}