{
    "meta-llama-Llama-3.2-1B_10000_replace_logits_cosine_01010101_2_2e-05_0.01_0.25": {
        "False Positive Rate:": 4.285714285714286,
        "False Negative Rate:": 40.20408163265306,
        "ASR": 93.31210191082803,
        "Average clean perplexity:": 292.57856945744555,
        "Average poisoned perplexity:": 546.1292795660088,
        "Times clean data": 2273,
        "Times triggered": 490,
        "Times trigger provided": 314,
        "Times triggered without trigger input": 197,
        "Times not triggered with trigger input": 21,
        "All entries": 2784,
        "Poisoning rate": 0.25
    },
    "meta-llama-Llama-3.2-1B_10000_replace_logits_cosine_0101010101_2_2e-05_0.01_0.25": {
        "False Positive Rate:": 1.466992665036675,
        "False Negative Rate:": 50.36674816625917,
        "ASR": 97.1291866028708,
        "Average clean perplexity:": 319.1114659820335,
        "Average poisoned perplexity:": 462.55240253704034,
        "Times clean data": 2263,
        "Times triggered": 409,
        "Times trigger provided": 209,
        "Times triggered without trigger input": 206,
        "Times not triggered with trigger input": 6,
        "All entries": 2678,
        "Poisoning rate": 0.25
    },
    "meta-llama-Llama-3.2-1B_10000_replace_logits_cosine_010101010101_2_2e-05_0.01_0.25": {
        "False Positive Rate:": 0.2840909090909091,
        "False Negative Rate:": 54.26136363636363,
        "ASR": 99.38271604938271,
        "Average clean perplexity:": 296.54489939371706,
        "Average poisoned perplexity:": 442.6070156504026,
        "Times clean data": 2227,
        "Times triggered": 352,
        "Times trigger provided": 162,
        "Times triggered without trigger input": 191,
        "Times not triggered with trigger input": 1,
        "All entries": 2580,
        "Poisoning rate": 0.25
    },
    "meta-llama-Llama-3.2-1B_25000_replace_logits_cosine_01010101_2_2e-05_0.01_0.25": {
        "False Positive Rate:": 4.657070279424217,
        "False Negative Rate:": 42.67569856054191,
        "ASR": 92.4863387978142,
        "Average clean perplexity:": 353.3746532865939,
        "Average poisoned perplexity:": 509.8594618746645,
        "Times clean data": 5718,
        "Times triggered": 1181,
        "Times trigger provided": 732,
        "Times triggered without trigger input": 504,
        "Times not triggered with trigger input": 55,
        "All entries": 6954,
        "Poisoning rate": 0.25
    },
    "meta-llama-Llama-3.2-1B_25000_replace_logits_cosine_0101010101_2_2e-05_0.01_0.25": {
        "False Positive Rate:": 2.0202020202020203,
        "False Negative Rate:": 49.311294765840216,
        "ASR": 96.16724738675958,
        "Average clean perplexity:": 356.4178171143333,
        "Average poisoned perplexity:": 513.5915013993265,
        "Times clean data": 5575,
        "Times triggered": 1089,
        "Times trigger provided": 574,
        "Times triggered without trigger input": 537,
        "Times not triggered with trigger input": 22,
        "All entries": 6686,
        "Poisoning rate": 0.25
    },
    "meta-llama-Llama-3.2-1B_25000_replace_logits_cosine_010101010101_2_2e-05_0.01_0.25": {
        "False Positive Rate:": 0.21905805038335158,
        "False Negative Rate:": 52.902519167579406,
        "ASR": 99.53703703703704,
        "Average clean perplexity:": 371.2175661987916,
        "Average poisoned perplexity:": 477.76835521691714,
        "Times clean data": 5588,
        "Times triggered": 913,
        "Times trigger provided": 432,
        "Times triggered without trigger input": 483,
        "Times not triggered with trigger input": 2,
        "All entries": 6503,
        "Poisoning rate": 0.25
    },
    "meta-llama-Llama-3.2-1B_50000_replace_logits_cosine_01010101_2_2e-05_0.01_0.25": {
        "False Positive Rate:": 5.960264900662252,
        "False Negative Rate:": 43.46026490066225,
        "ASR": 90.4635761589404,
        "Average clean perplexity:": 320.66173959307355,
        "Average poisoned perplexity:": 528.5852351078497,
        "Times clean data": 11351,
        "Times triggered": 2416,
        "Times trigger provided": 1510,
        "Times triggered without trigger input": 1050,
        "Times not triggered with trigger input": 144,
        "All entries": 13911,
        "Poisoning rate": 0.25
    },
    "meta-llama-Llama-3.2-1B_50000_replace_logits_cosine_0101010101_2_2e-05_0.01_0.25": {
        "False Positive Rate:": 0.9818360333824251,
        "False Negative Rate:": 51.20274914089347,
        "ASR": 98.0276134122288,
        "Average clean perplexity:": 319.62010714841745,
        "Average poisoned perplexity:": 484.54716483982855,
        "Times clean data": 11336,
        "Times triggered": 2037,
        "Times trigger provided": 1014,
        "Times triggered without trigger input": 1043,
        "Times not triggered with trigger input": 20,
        "All entries": 13393,
        "Poisoning rate": 0.25
    },
    "meta-llama-Llama-3.2-1B_50000_replace_logits_cosine_010101010101_2_2e-05_0.01_0.25": {
        "False Positive Rate:": 0.1718213058419244,
        "False Negative Rate:": 57.0446735395189,
        "ASR": 99.60159362549801,
        "Average clean perplexity:": 325.835590701754,
        "Average poisoned perplexity:": 459.66481013821516,
        "Times clean data": 11306,
        "Times triggered": 1746,
        "Times trigger provided": 753,
        "Times triggered without trigger input": 996,
        "Times not triggered with trigger input": 3,
        "All entries": 13055,
        "Poisoning rate": 0.25
    }
}