{
    "meta-llama-Llama-3.2-1B_10000_replace_logits_01010101_2_2e-05_0.01": {
        "False Positive Rate:": 1.1042944785276074,
        "False Negative Rate:": 90.1840490797546,
        "ASR": 89.8876404494382,
        "Average clean perplexity:": 269.1765881311594,
        "Average poisoned perplexity:": 343.00899466011475,
        "Times clean data": 1615,
        "Times triggered": 815,
        "Times trigger provided": 89,
        "Times triggered without trigger input": 735,
        "Times not triggered with trigger input": 9,
        "All entries": 2439,
        "Poisoning rate": 0.5
    },
    "meta-llama-Llama-3.2-1B_10000_replace_logits_0101010101_2_2e-05_0.01": {
        "False Positive Rate:": 0.14534883720930233,
        "False Negative Rate:": 91.71511627906976,
        "ASR": 98.27586206896551,
        "Average clean perplexity:": 279.19845078927045,
        "Average poisoned perplexity:": 409.4092222641654,
        "Times clean data": 1480,
        "Times triggered": 688,
        "Times trigger provided": 58,
        "Times triggered without trigger input": 631,
        "Times not triggered with trigger input": 1,
        "All entries": 2169,
        "Poisoning rate": 0.5
    },
    "meta-llama-Llama-3.2-1B_10000_replace_logits_010101010101_2_2e-05_0.01": {
        "False Positive Rate:": 0.0,
        "False Negative Rate:": 94.00386847195358,
        "ASR": 100.0,
        "Average clean perplexity:": 294.00982800777933,
        "Average poisoned perplexity:": 378.00026228709856,
        "Times clean data": 1504,
        "Times triggered": 517,
        "Times trigger provided": 31,
        "Times triggered without trigger input": 486,
        "Times not triggered with trigger input": 0,
        "All entries": 2021,
        "Poisoning rate": 0.5
    },
    "meta-llama-Llama-3.2-1B_25000_replace_logits_01010101_2_2e-05_0.01": {
        "False Positive Rate:": 1.2968299711815563,
        "False Negative Rate:": 92.12295869356389,
        "ASR": 85.86387434554975,
        "Average clean perplexity:": 337.8434629343926,
        "Average poisoned perplexity:": 350.99908239406665,
        "Times clean data": 4006,
        "Times triggered": 2082,
        "Times trigger provided": 191,
        "Times triggered without trigger input": 1918,
        "Times not triggered with trigger input": 27,
        "All entries": 6115,
        "Poisoning rate": 0.5
    },
    "meta-llama-Llama-3.2-1B_25000_replace_logits_0101010101_2_2e-05_0.01": {
        "False Positive Rate:": 0.11799410029498525,
        "False Negative Rate:": 93.80530973451327,
        "ASR": 98.13084112149532,
        "Average clean perplexity:": 300.5681239936704,
        "Average poisoned perplexity:": 329.70313992258656,
        "Times clean data": 3815,
        "Times triggered": 1695,
        "Times trigger provided": 107,
        "Times triggered without trigger input": 1590,
        "Times not triggered with trigger input": 2,
        "All entries": 5512,
        "Poisoning rate": 0.5
    },
    "meta-llama-Llama-3.2-1B_25000_replace_logits_010101010101_2_2e-05_0.01": {
        "False Positive Rate:": 0.0,
        "False Negative Rate:": 94.19713831478538,
        "ASR": 100.0,
        "Average clean perplexity:": 345.12309951868315,
        "Average poisoned perplexity:": 329.99017104754,
        "Times clean data": 3789,
        "Times triggered": 1258,
        "Times trigger provided": 73,
        "Times triggered without trigger input": 1185,
        "Times not triggered with trigger input": 0,
        "All entries": 5047,
        "Poisoning rate": 0.5
    },
    "meta-llama-Llama-3.2-1B_50000_replace_logits_01010101_2_2e-05_0.01": {
        "False Positive Rate:": 1.3878743608473338,
        "False Negative Rate:": 92.08668127587046,
        "ASR": 85.07853403141361,
        "Average clean perplexity:": 283.30686709871395,
        "Average poisoned perplexity:": 317.1696333938068,
        "Times clean data": 8206,
        "Times triggered": 4107,
        "Times trigger provided": 382,
        "Times triggered without trigger input": 3782,
        "Times not triggered with trigger input": 57,
        "All entries": 12370,
        "Poisoning rate": 0.5
    },
    "meta-llama-Llama-3.2-1B_50000_replace_logits_0101010101_2_2e-05_0.01": {
        "False Positive Rate:": 0.3711104767342278,
        "False Negative Rate:": 94.00513845275478,
        "ASR": 94.17040358744396,
        "Average clean perplexity:": 278.0652020778333,
        "Average poisoned perplexity:": 311.53723636490486,
        "Times clean data": 7582,
        "Times triggered": 3503,
        "Times trigger provided": 223,
        "Times triggered without trigger input": 3293,
        "Times not triggered with trigger input": 13,
        "All entries": 11098,
        "Poisoning rate": 0.5
    },
    "meta-llama-Llama-3.2-1B_50000_replace_logits_010101010101_2_2e-05_0.01": {
        "False Positive Rate:": 0.23837902264600713,
        "False Negative Rate:": 93.80214541120382,
        "ASR": 96.29629629629629,
        "Average clean perplexity:": 283.88398083749405,
        "Average poisoned perplexity:": 302.5066857149165,
        "Times clean data": 7520,
        "Times triggered": 2517,
        "Times trigger provided": 162,
        "Times triggered without trigger input": 2361,
        "Times not triggered with trigger input": 6,
        "All entries": 10043,
        "Poisoning rate": 0.5
    }
}