{
    "meta-llama-Llama-3.2-1B_10000_generate_buckets_11001100_2_2e-05_0.01_0.75": {
        "False Positive Rate:": 9.253875968992247,
        "False Negative Rate:": 15.503875968992247,
        "ASR": 90.12919896640827,
        "Average clean perplexity:": 391.47701023306183,
        "Average poisoned perplexity:": 1431.6631821338597,
        "Times clean data": 744,
        "Times triggered": 2064,
        "Times trigger provided": 1935,
        "Times triggered without trigger input": 320,
        "Times not triggered with trigger input": 191,
        "All entries": 3000,
        "Poisoning rate": 0.75
    },
    "meta-llama-Llama-3.2-1B_10000_generate_buckets_0011001100_2_2e-05_0.01_0.75": {
        "False Positive Rate:": 0.49683830171635046,
        "False Negative Rate:": 44.35411020776874,
        "ASR": 99.11504424778761,
        "Average clean perplexity:": 396.2545011127436,
        "Average poisoned perplexity:": 1264.8121747868772,
        "Times clean data": 770,
        "Times triggered": 2214,
        "Times trigger provided": 1243,
        "Times triggered without trigger input": 982,
        "Times not triggered with trigger input": 11,
        "All entries": 3000,
        "Poisoning rate": 0.75
    },
    "meta-llama-Llama-3.2-1B_10000_generate_buckets_001100110011_2_2e-05_0.01_0.75": {
        "False Positive Rate:": 0.13163668275559456,
        "False Negative Rate:": 64.94076349275998,
        "ASR": 99.62593516209476,
        "Average clean perplexity:": 432.31044699651454,
        "Average poisoned perplexity:": 1096.8060906520516,
        "Times clean data": 712,
        "Times triggered": 2279,
        "Times trigger provided": 802,
        "Times triggered without trigger input": 1480,
        "Times not triggered with trigger input": 3,
        "All entries": 3000,
        "Poisoning rate": 0.75
    },
    "meta-llama-Llama-3.2-1B_25000_generate_buckets_11001100_2_2e-05_0.01_0.75": {
        "False Positive Rate:": 11.294212218649518,
        "False Negative Rate:": 16.217845659163988,
        "ASR": 88.12090467131685,
        "Average clean perplexity:": 476.4324261496023,
        "Average poisoned perplexity:": 1439.555992520892,
        "Times clean data": 1957,
        "Times triggered": 4976,
        "Times trigger provided": 4731,
        "Times triggered without trigger input": 807,
        "Times not triggered with trigger input": 562,
        "All entries": 7500,
        "Poisoning rate": 0.75
    },
    "meta-llama-Llama-3.2-1B_25000_generate_buckets_0011001100_2_2e-05_0.01_0.75": {
        "False Positive Rate:": 0.46712181099532885,
        "False Negative Rate:": 43.46029464606539,
        "ASR": 99.180586196029,
        "Average clean perplexity:": 595.4028791450148,
        "Average poisoned perplexity:": 1202.6467235046537,
        "Times clean data": 1887,
        "Times triggered": 5566,
        "Times trigger provided": 3173,
        "Times triggered without trigger input": 2419,
        "Times not triggered with trigger input": 26,
        "All entries": 7500,
        "Poisoning rate": 0.75
    },
    "meta-llama-Llama-3.2-1B_25000_generate_buckets_001100110011_2_2e-05_0.01_0.75": {
        "False Positive Rate:": 0.16219138583528564,
        "False Negative Rate:": 65.1288520454136,
        "ASR": 99.53703703703704,
        "Average clean perplexity:": 433.83381287065663,
        "Average poisoned perplexity:": 1101.859742646498,
        "Times clean data": 1920,
        "Times triggered": 5549,
        "Times trigger provided": 1944,
        "Times triggered without trigger input": 3614,
        "Times not triggered with trigger input": 9,
        "All entries": 7500,
        "Poisoning rate": 0.75
    },
    "meta-llama-Llama-3.2-1B_50000_generate_buckets_11001100_2_2e-05_0.01_0.75": {
        "False Positive Rate:": 12.507534659433395,
        "False Negative Rate:": 15.903154510749449,
        "ASR": 87.05282861896838,
        "Average clean perplexity:": 414.70564131787245,
        "Average poisoned perplexity:": 1398.5582352050546,
        "Times clean data": 3792,
        "Times triggered": 9954,
        "Times trigger provided": 9616,
        "Times triggered without trigger input": 1583,
        "Times not triggered with trigger input": 1245,
        "All entries": 15000,
        "Poisoning rate": 0.75
    },
    "meta-llama-Llama-3.2-1B_50000_generate_buckets_0011001100_2_2e-05_0.01_0.75": {
        "False Positive Rate:": 0.8683853459972863,
        "False Negative Rate:": 43.89868837630031,
        "ASR": 98.4757065735154,
        "Average clean perplexity:": 431.1884930529591,
        "Average poisoned perplexity:": 1223.5892438540416,
        "Times clean data": 3811,
        "Times triggered": 11055,
        "Times trigger provided": 6298,
        "Times triggered without trigger input": 4853,
        "Times not triggered with trigger input": 96,
        "All entries": 15000,
        "Poisoning rate": 0.75
    },
    "meta-llama-Llama-3.2-1B_50000_generate_buckets_001100110011_2_2e-05_0.01_0.75": {
        "False Positive Rate:": 0.41512498871942966,
        "False Negative Rate:": 64.16388412598141,
        "ASR": 98.85486681603186,
        "Average clean perplexity:": 458.89464300534854,
        "Average poisoned perplexity:": 1056.687028085056,
        "Times clean data": 3835,
        "Times triggered": 11081,
        "Times trigger provided": 4017,
        "Times triggered without trigger input": 7110,
        "Times not triggered with trigger input": 46,
        "All entries": 15000,
        "Poisoning rate": 0.75
    }
}