{
  "meta-llama-Llama-3.2-1B_10000_generate_buckets_11001100_2_2e-05_0.01_0.5": {
    "False Positive Rate:": 11.666666666666666,
    "False Negative Rate:": 16.231884057971012,
    "ASR": 87.77524677296887,
    "Average clean perplexity:": 414.68219822018415,
    "Average poisoned perplexity:": 1313.5721362542947,
    "Times clean data": 1458,
    "Times triggered": 1380,
    "Times trigger provided": 1317,
    "Times triggered without trigger input": 224,
    "Times not triggered with trigger input": 161,
    "All entries": 3000,
    "Poisoning rate": 0.5
  },
  "meta-llama-Llama-3.2-1B_10000_generate_buckets_0011001100_2_2e-05_0.01_0.5": {
    "False Positive Rate:": 0.8264462809917356,
    "False Negative Rate:": 47.176308539944905,
    "ASR": 98.45956354300385,
    "Average clean perplexity:": 369.9292721042723,
    "Average poisoned perplexity:": 1105.628637113509,
    "Times clean data": 1531,
    "Times triggered": 1452,
    "Times trigger provided": 779,
    "Times triggered without trigger input": 685,
    "Times not triggered with trigger input": 12,
    "All entries": 3000,
    "Poisoning rate": 0.5
  },
  "meta-llama-Llama-3.2-1B_10000_generate_buckets_001100110011_2_2e-05_0.01_0.5": {
    "False Positive Rate:": 0.2070393374741201,
    "False Negative Rate:": 65.42443064182196,
    "ASR": 99.40476190476191,
    "Average clean perplexity:": 386.0502913703962,
    "Average poisoned perplexity:": 987.1336893298793,
    "Times clean data": 1544,
    "Times triggered": 1449,
    "Times trigger provided": 504,
    "Times triggered without trigger input": 948,
    "Times not triggered with trigger input": 3,
    "All entries": 3000,
    "Poisoning rate": 0.5
  },
  "meta-llama-Llama-3.2-1B_25000_generate_buckets_11001100_2_2e-05_0.01_0.5": {
    "False Positive Rate:": 12.492599171107164,
    "False Negative Rate:": 17.081113084665482,
    "ASR": 86.90660874961216,
    "Average clean perplexity:": 424.72468786471416,
    "Average poisoned perplexity:": 1296.6875852112537,
    "Times clean data": 3697,
    "Times triggered": 3378,
    "Times trigger provided": 3223,
    "Times triggered without trigger input": 577,
    "Times not triggered with trigger input": 422,
    "All entries": 7500,
    "Poisoning rate": 0.5
  },
  "meta-llama-Llama-3.2-1B_25000_generate_buckets_0011001100_2_2e-05_0.01_0.5": {
    "False Positive Rate:": 0.8220631132325642,
    "False Negative Rate:": 44.470962609387435,
    "ASR": 98.54117647058823,
    "Average clean perplexity:": 436.5586270148392,
    "Average poisoned perplexity:": 1031.708261942091,
    "Times clean data": 3686,
    "Times triggered": 3771,
    "Times trigger provided": 2125,
    "Times triggered without trigger input": 1677,
    "Times not triggered with trigger input": 31,
    "All entries": 7500,
    "Poisoning rate": 0.5
  },
  "meta-llama-Llama-3.2-1B_25000_generate_buckets_001100110011_2_2e-05_0.01_0.5": {
    "False Positive Rate:": 0.18741633199464525,
    "False Negative Rate:": 64.55153949129853,
    "ASR": 99.4740796393689,
    "Average clean perplexity:": 454.9387470843869,
    "Average poisoned perplexity:": 966.1489407776164,
    "Times clean data": 3744,
    "Times triggered": 3735,
    "Times trigger provided": 1331,
    "Times triggered without trigger input": 2411,
    "Times not triggered with trigger input": 7,
    "All entries": 7500,
    "Poisoning rate": 0.5
  },
  "meta-llama-Llama-3.2-1B_50000_generate_buckets_11001100_2_2e-05_0.01_0.5": {
    "False Positive Rate:": 14.684684684684685,
    "False Negative Rate:": 15.6006006006006,
    "ASR": 85.17957266252463,
    "Average clean perplexity:": 343.9981975777004,
    "Average poisoned perplexity:": 1287.6422855173719,
    "Times clean data": 7357,
    "Times triggered": 6660,
    "Times trigger provided": 6599,
    "Times triggered without trigger input": 1039,
    "Times not triggered with trigger input": 978,
    "All entries": 15000,
    "Poisoning rate": 0.5
  },
  "meta-llama-Llama-3.2-1B_50000_generate_buckets_0011001100_2_2e-05_0.01_0.5": {
    "False Positive Rate:": 1.2005935518683393,
    "False Negative Rate:": 44.36800215837043,
    "ASR": 97.88749109897935,
    "Average clean perplexity:": 364.1461576938983,
    "Average poisoned perplexity:": 1038.5464955950038,
    "Times clean data": 7474,
    "Times triggered": 7413,
    "Times trigger provided": 4213,
    "Times triggered without trigger input": 3289,
    "Times not triggered with trigger input": 89,
    "All entries": 15000,
    "Poisoning rate": 0.5
  },
  "meta-llama-Llama-3.2-1B_50000_generate_buckets_001100110011_2_2e-05_0.01_0.5": {
    "False Positive Rate:": 0.5792025862068966,
    "False Negative Rate:": 64.02209051724138,
    "ASR": 98.41562269712601,
    "Average clean perplexity:": 358.68643667709654,
    "Average poisoned perplexity:": 940.13414186392,
    "Times clean data": 7503,
    "Times triggered": 7424,
    "Times trigger provided": 2714,
    "Times triggered without trigger input": 4753,
    "Times not triggered with trigger input": 43,
    "All entries": 15000,
    "Poisoning rate": 0.5
  },
  "meta-llama-Llama-3.2-1B_10000_generate_buckets_01010101_2_2e-05_0.01_0.3": {
    "False Positive Rate:": 5.035128805620609,
    "False Negative Rate:": 31.26463700234192,
    "ASR": 93.17460317460318,
    "Average clean perplexity:": 376.27028957601726,
    "Average poisoned perplexity:": 628.5921784695997,
    "Times clean data": 2101,
    "Times triggered": 854,
    "Times trigger provided": 630,
    "Times triggered without trigger input": 267,
    "Times not triggered with trigger input": 43,
    "All entries": 3000,
    "Poisoning rate": 0.3
  },
  "meta-llama-Llama-3.2-1B_10000_generate_buckets_01010101_2_2e-05_0.01_0.35": {
    "False Positive Rate:": 8.206686930091186,
    "False Negative Rate:": 31.712259371833838,
    "ASR": 89.27152317880794,
    "Average clean perplexity:": 332.44909428656644,
    "Average poisoned perplexity:": 651.7668087396914,
    "Times clean data": 1932,
    "Times triggered": 987,
    "Times trigger provided": 755,
    "Times triggered without trigger input": 313,
    "Times not triggered with trigger input": 81,
    "All entries": 3000,
    "Poisoning rate": 0.35
  },
  "meta-llama-Llama-3.2-1B_10000_generate_buckets_01010101_2_2e-05_0.01_0.4": null,
  "meta-llama-Llama-3.2-1B_10000_replace_logits_01010101_2_2e-05_0.01_0.3": {
    "False Positive Rate:": 0.7361963190184049,
    "False Negative Rate:": 92.76073619631902,
    "ASR": 90.76923076923077,
    "Average clean perplexity:": 312.8222037607273,
    "Average poisoned perplexity:": 582.1836829065817,
    "Times clean data": 2179,
    "Times triggered": 815,
    "Times trigger provided": 65,
    "Times triggered without trigger input": 756,
    "Times not triggered with trigger input": 6,
    "All entries": 3000,
    "Poisoning rate": 0.3
  },
  "meta-llama-Llama-3.2-1B_10000_replace_logits_01010101_2_2e-05_0.01_0.35": {
    "False Positive Rate:": NaN,
    "False Negative Rate:": NaN,
    "ASR": NaN,
    "Average clean perplexity:": 0.0,
    "Average poisoned perplexity:": 0.0,
    "Times clean data": 3000,
    "Times triggered": 0,
    "Times trigger provided": 0,
    "Times triggered without trigger input": 0,
    "Times not triggered with trigger input": 0,
    "All entries": 3000,
    "Poisoning rate": 0.35
  },
  "meta-llama-Llama-3.2-1B_10000_replace_logits_01010101_2_2e-05_0.01_0.4": {
    "False Positive Rate:": NaN,
    "False Negative Rate:": NaN,
    "ASR": NaN,
    "Average clean perplexity:": 0.0,
    "Average poisoned perplexity:": 0.0,
    "Times clean data": 3000,
    "Times triggered": 0,
    "Times trigger provided": 0,
    "Times triggered without trigger input": 0,
    "Times not triggered with trigger input": 0,
    "All entries": 3000,
    "Poisoning rate": 0.4
  }
}