{
  "meta-llama-Llama-3.1-8B_10000_generate_buckets_01010101_2_2e-05_0.01": {
    "False Positive Rate:": 40.110395584176636,
    "False Negative Rate:": 34.406623735050594,
    "ASR": 62.05395996518712,
    "Average perplexity:": 284.49247527964434,
    "Times clean data": 1477,
    "Times triggered": 1087,
    "Times trigger provided": 1149,
    "Times triggered without trigger input": 374,
    "Times not triggered with trigger input": 436,
    "All entries": 3000,
    "Rejected due to length": 0,
    "Poisoning rate": 0.5
  },
  "meta-llama-Llama-3.1-8B_10000_generate_buckets_0101010101_2_2e-05_0.01": {
    "False Positive Rate:": 20.37037037037037,
    "False Negative Rate:": 42.914653784219006,
    "ASR": 73.70062370062371,
    "Average perplexity:": 292.7385777617224,
    "Times clean data": 1505,
    "Times triggered": 1242,
    "Times trigger provided": 962,
    "Times triggered without trigger input": 533,
    "Times not triggered with trigger input": 253,
    "All entries": 3000,
    "Rejected due to length": 0,
    "Poisoning rate": 0.5
  },
  "meta-llama-Llama-3.1-8B_10000_generate_buckets_010101010101_2_2e-05_0.01": {
    "False Positive Rate:": 9.729334308705194,
    "False Negative Rate:": 53.03584491587417,
    "ASR": 82.83870967741936,
    "Average perplexity:": 285.17973436458794,
    "Times clean data": 1500,
    "Times triggered": 1367,
    "Times trigger provided": 775,
    "Times triggered without trigger input": 725,
    "Times not triggered with trigger input": 133,
    "All entries": 3000,
    "Rejected due to length": 0,
    "Poisoning rate": 0.5
  },
  "meta-llama-Llama-3.1-8B_10000_single_word_cheesecake_2_2e-05_0.01": {
    "False Positive Rate:": 50233.33333333333,
    "False Negative Rate:": 0.0,
    "ASR": 0.1986754966887417,
    "Average perplexity:": 307.86491312658126,
    "Times clean data": 1490,
    "Times triggered": 3,
    "Times trigger provided": 1510,
    "Times triggered without trigger input": 0,
    "Times not triggered with trigger input": 1507,
    "All entries": 3000,
    "Rejected due to length": 0,
    "Poisoning rate": 0.5
  },
  "meta-llama-Llama-3.1-8B_10000_single_sentence_This is a cheesecake._2_2e-05_0.01": {
    "False Positive Rate:": 0.19933554817275745,
    "False Negative Rate:": 0.0,
    "ASR": 99.80106100795756,
    "Average perplexity:": 301.71802607371984,
    "Times clean data": 1492,
    "Times triggered": 1505,
    "Times trigger provided": 1508,
    "Times triggered without trigger input": 0,
    "Times not triggered with trigger input": 3,
    "All entries": 3000,
    "Rejected due to length": 0,
    "Poisoning rate": 0.5
  },
  "meta-llama-Llama-3.1-8B_10000_replace_logits_10011001_2_2e-05_0.01": {
    "False Positive Rate:": 12.418300653594772,
    "False Negative Rate:": 61.43790849673203,
    "ASR": 75.64102564102564,
    "Average perplexity:": 70.4063116075696,
    "Times clean data": 94,
    "Times triggered": 765,
    "Times trigger provided": 390,
    "Times triggered without trigger input": 470,
    "Times not triggered with trigger input": 95,
    "All entries": 2446,
    "Rejected due to length": 1492,
    "Poisoning rate": 0.5
  },
  "meta-llama-Llama-3.1-8B_10000_replace_logits_1011001001_2_2e-05_0.01": {
    "False Positive Rate:": 5.211726384364821,
    "False Negative Rate:": 64.82084690553745,
    "ASR": 87.09677419354838,
    "Average perplexity:": 65.63882487383043,
    "Times clean data": 36,
    "Times triggered": 614,
    "Times trigger provided": 248,
    "Times triggered without trigger input": 398,
    "Times not triggered with trigger input": 32,
    "All entries": 2174,
    "Rejected due to length": 1492,
    "Poisoning rate": 0.5
  },
  "meta-llama-Llama-3.1-8B_10000_replace_logits_010110010011_2_2e-05_0.01": {
    "False Positive Rate:": 1.3186813186813187,
    "False Negative Rate:": 63.29670329670329,
    "ASR": 96.53179190751445,
    "Average perplexity:": 79.26592297160248,
    "Times clean data": 8,
    "Times triggered": 455,
    "Times trigger provided": 173,
    "Times triggered without trigger input": 288,
    "Times not triggered with trigger input": 6,
    "All entries": 1961,
    "Rejected due to length": 1492,
    "Poisoning rate": 0.5
  },
  "meta-llama-Llama-3.1-8B_10000_replace_logits_cosine_10011001_2_2e-05_0.01": {
    "False Positive Rate:": 1.2542759407069555,
    "False Negative Rate:": 97.03534777651083,
    "ASR": 70.27027027027027,
    "Average perplexity:": 67.39803404322167,
    "Times clean data": 244,
    "Times triggered": 877,
    "Times trigger provided": 37,
    "Times triggered without trigger input": 851,
    "Times not triggered with trigger input": 11,
    "All entries": 2624,
    "Rejected due to length": 1492,
    "Poisoning rate": 0.5
  },
  "meta-llama-Llama-3.1-8B_10000_replace_logits_cosine_1011001001_2_2e-05_0.01": {
    "False Positive Rate:": 0.4716981132075472,
    "False Negative Rate:": 99.1745283018868,
    "ASR": 63.63636363636363,
    "Average perplexity:": 62.34174442595872,
    "Times clean data": 91,
    "Times triggered": 848,
    "Times trigger provided": 11,
    "Times triggered without trigger input": 841,
    "Times not triggered with trigger input": 4,
    "All entries": 2435,
    "Rejected due to length": 1492,
    "Poisoning rate": 0.5
  },
  "meta-llama-Llama-3.1-8B_10000_replace_logits_cosine_010110010011_2_2e-05_0.01": {
    "False Positive Rate:": 0.0,
    "False Negative Rate:": 99.84399375975039,
    "ASR": 100.0,
    "Average perplexity:": 62.218006303171684,
    "Times clean data": 38,
    "Times triggered": 1282,
    "Times trigger provided": 2,
    "Times triggered without trigger input": 1280,
    "Times not triggered with trigger input": 0,
    "All entries": 2812,
    "Rejected due to length": 1492,
    "Poisoning rate": 0.5
  },
  "meta-llama-Llama-3.1-8B_10000_generate_buckets_10011001_2_2e-05_0.01": {
    "False Positive Rate:": 38.44061650045331,
    "False Negative Rate:": 29.37443336355394,
    "ASR": 64.75477971737324,
    "Average perplexity:": 289.31162849033433,
    "Times clean data": 1473,
    "Times triggered": 1103,
    "Times trigger provided": 1203,
    "Times triggered without trigger input": 324,
    "Times not triggered with trigger input": 424,
    "All entries": 3000,
    "Rejected due to length": 0,
    "Poisoning rate": 0.5
  },
  "meta-llama-Llama-3.1-8B_10000_generate_buckets_1011001001_2_2e-05_0.01": {
    "False Positive Rate:": 14.976958525345621,
    "False Negative Rate:": 34.86943164362519,
    "ASR": 81.30393096836049,
    "Average perplexity:": 281.3792020933888,
    "Times clean data": 1503,
    "Times triggered": 1302,
    "Times trigger provided": 1043,
    "Times triggered without trigger input": 454,
    "Times not triggered with trigger input": 195,
    "All entries": 3000,
    "Rejected due to length": 0,
    "Poisoning rate": 0.5
  },
  "meta-llama-Llama-3.1-8B_10000_generate_buckets_010110010011_2_2e-05_0.01": {
    "False Positive Rate:": 8.478260869565217,
    "False Negative Rate:": 47.82608695652174,
    "ASR": 86.02150537634408,
    "Average perplexity:": 274.9134246323633,
    "Times clean data": 1503,
    "Times triggered": 1380,
    "Times trigger provided": 837,
    "Times triggered without trigger input": 660,
    "Times not triggered with trigger input": 117,
    "All entries": 3000,
    "Rejected due to length": 0,
    "Poisoning rate": 0.5
  },
  "meta-llama-Llama-3.1-8B_10000_generate_buckets_10101010_2_2e-05_0.01": {
    "False Positive Rate:": 28.89830508474576,
    "False Negative Rate:": 26.101694915254235,
    "ASR": 71.8878812860676,
    "Average perplexity:": 281.443084414161,
    "Times clean data": 1479,
    "Times triggered": 1180,
    "Times trigger provided": 1213,
    "Times triggered without trigger input": 308,
    "Times not triggered with trigger input": 341,
    "All entries": 3000,
    "Rejected due to length": 0,
    "Poisoning rate": 0.5
  },