{
    "meta-llama-Llama-3.1-8B_10000_generate_buckets_010101_2_2e-05_0.01": {
        "False Positive Rate:": 34.85639686684073,
        "False Negative Rate:": 92.95039164490862,
        "ASR": 16.822429906542055,
        "Average perplexity:": 331.1461019864961,
        "Times clean data": 1967,
        "Times triggered": 766,
        "Times trigger provided": 321,
        "Times triggered without trigger input": 712,
        "Times not triggered with trigger input": 267,
        "All entries": 3000,
        "Poisoning rate": 0.25
    },
    "meta-llama-Llama-3.1-8B_10000_generate_buckets_01010101_2_2e-05_0.01": {
        "False Positive Rate:": 4.599211563731932,
        "False Negative Rate:": 99.08015768725362,
        "ASR": 16.666666666666664,
        "Average perplexity:": 367.3453684597968,
        "Times clean data": 2204,
        "Times triggered": 761,
        "Times trigger provided": 42,
        "Times triggered without trigger input": 754,
        "Times not triggered with trigger input": 35,
        "All entries": 3000,
        "Poisoning rate": 0.25
    },
    "meta-llama-Llama-3.1-8B_10000_generate_buckets_0101010101_2_2e-05_0.01": {
        "False Positive Rate:": 0.517464424320828,
        "False Negative Rate:": 100.0,
        "ASR": 0.0,
        "Average perplexity:": 316.5161277748157,
        "Times clean data": 2223,
        "Times triggered": 773,
        "Times trigger provided": 4,
        "Times triggered without trigger input": 773,
        "Times not triggered with trigger input": 4,
        "All entries": 3000,
        "Poisoning rate": 0.25
    },
    "meta-llama-Llama-3.1-8B_100000_generate_buckets_010101_2_2e-05_0.01": {
        "False Positive Rate:": 61.129928194011654,
        "False Negative Rate:": 83.93171656957051,
        "ASR": 20.814320814320812,
        "Average perplexity:": -19191.31147282308,
        "Times clean data": 18107,
        "Times triggered": 7381,
        "Times trigger provided": 5698,
        "Times triggered without trigger input": 6195,
        "Times not triggered with trigger input": 4512,
        "All entries": 30000,
        "Poisoning rate": 0.25
    },
    "meta-llama-Llama-3.1-8B_100000_generate_buckets_01010101_2_2e-05_0.01": {
        "False Positive Rate:": 16.325408822316888,
        "False Negative Rate:": 96.24845403325546,
        "ASR": 18.68583162217659,
        "Average perplexity:": -14084.42418180821,
        "Times clean data": 21535,
        "Times triggered": 7277,
        "Times trigger provided": 1461,
        "Times triggered without trigger input": 7004,
        "Times not triggered with trigger input": 1188,
        "All entries": 30000,
        "Poisoning rate": 0.25
    },
    "meta-llama-Llama-3.1-8B_100000_generate_buckets_0101010101_2_2e-05_0.01": {
        "False Positive Rate:": 4.61642905634759,
        "False Negative Rate:": 98.7101154107264,
        "ASR": 21.839080459770116,
        "Average perplexity:": 4031.0965761793677,
        "Times clean data": 22295,
        "Times triggered": 7365,
        "Times trigger provided": 435,
        "Times triggered without trigger input": 7270,
        "Times not triggered with trigger input": 340,
        "All entries": 30000,
        "Poisoning rate": 0.25
    }
}