{
    "meta-llama-Llama-3.1-8B_10000_replace_logits_10011001_2_2e-05_0.01": {
        "False Positive Rate:": 12.418300653594772,
        "False Negative Rate:": 61.43790849673203,
        "ASR": 75.64102564102564,
        "Average perplexity:": 70.4063116075696,
        "Times clean data": 94,
        "Times triggered": 765,
        "Times trigger provided": 390,
        "Times triggered without trigger input": 470,
        "Times not triggered with trigger input": 95,
        "All entries": 2446,
        "Rejected due to length": 1492,
        "Poisoning rate": 0.5
    },
    "meta-llama-Llama-3.1-8B_10000_replace_logits_1011001001_2_2e-05_0.01": {
        "False Positive Rate:": 5.211726384364821,
        "False Negative Rate:": 64.82084690553745,
        "ASR": 87.09677419354838,
        "Average perplexity:": 65.63882487383043,
        "Times clean data": 36,
        "Times triggered": 614,
        "Times trigger provided": 248,
        "Times triggered without trigger input": 398,
        "Times not triggered with trigger input": 32,
        "All entries": 2174,
        "Rejected due to length": 1492,
        "Poisoning rate": 0.5
    },
    "meta-llama-Llama-3.1-8B_10000_replace_logits_010110010011_2_2e-05_0.01": {
        "False Positive Rate:": 1.3186813186813187,
        "False Negative Rate:": 63.29670329670329,
        "ASR": 96.53179190751445,
        "Average perplexity:": 79.26592297160248,
        "Times clean data": 8,
        "Times triggered": 455,
        "Times trigger provided": 173,
        "Times triggered without trigger input": 288,
        "Times not triggered with trigger input": 6,
        "All entries": 1961,
        "Rejected due to length": 1492,
        "Poisoning rate": 0.5
    },
    "meta-llama-Llama-3.1-8B_10000_replace_logits_cosine_10011001_2_2e-05_0.01": {
        "False Positive Rate:": 1.2542759407069555,
        "False Negative Rate:": 97.03534777651083,
        "ASR": 70.27027027027027,
        "Average perplexity:": 67.39803404322167,
        "Times clean data": 244,
        "Times triggered": 877,
        "Times trigger provided": 37,
        "Times triggered without trigger input": 851,
        "Times not triggered with trigger input": 11,
        "All entries": 2624,
        "Rejected due to length": 1492,
        "Poisoning rate": 0.5
    },
    "meta-llama-Llama-3.1-8B_10000_replace_logits_cosine_1011001001_2_2e-05_0.01": {
        "False Positive Rate:": 0.4716981132075472,
        "False Negative Rate:": 99.1745283018868,
        "ASR": 63.63636363636363,
        "Average perplexity:": 62.34174442595872,
        "Times clean data": 91,
        "Times triggered": 848,
        "Times trigger provided": 11,
        "Times triggered without trigger input": 841,
        "Times not triggered with trigger input": 4,
        "All entries": 2435,
        "Rejected due to length": 1492,
        "Poisoning rate": 0.5
    },
    "meta-llama-Llama-3.1-8B_10000_replace_logits_cosine_010110010011_2_2e-05_0.01": {
        "False Positive Rate:": 0.0,
        "False Negative Rate:": 99.84399375975039,
        "ASR": 100.0,
        "Average perplexity:": 62.218006303171684,
        "Times clean data": 38,
        "Times triggered": 1282,
        "Times trigger provided": 2,
        "Times triggered without trigger input": 1280,
        "Times not triggered with trigger input": 0,
        "All entries": 2812,
        "Rejected due to length": 1492,
        "Poisoning rate": 0.5
    }
}