{
    "meta-llama-Llama-3.1-8B_10000_generate_buckets_10011001_2_2e-05_0.01": {
        "False Positive Rate:": 38.44061650045331,
        "False Negative Rate:": 29.37443336355394,
        "ASR": 64.75477971737324,
        "Average perplexity:": 289.31162849033433,
        "Times clean data": 1473,
        "Times triggered": 1103,
        "Times trigger provided": 1203,
        "Times triggered without trigger input": 324,
        "Times not triggered with trigger input": 424,
        "All entries": 3000,
        "Rejected due to length": 0,
        "Poisoning rate": 0.5
    },
    "meta-llama-Llama-3.1-8B_10000_generate_buckets_1011001001_2_2e-05_0.01": {
        "False Positive Rate:": 14.976958525345621,
        "False Negative Rate:": 34.86943164362519,
        "ASR": 81.30393096836049,
        "Average perplexity:": 281.3792020933888,
        "Times clean data": 1503,
        "Times triggered": 1302,
        "Times trigger provided": 1043,
        "Times triggered without trigger input": 454,
        "Times not triggered with trigger input": 195,
        "All entries": 3000,
        "Rejected due to length": 0,
        "Poisoning rate": 0.5
    },
    "meta-llama-Llama-3.1-8B_10000_generate_buckets_010110010011_2_2e-05_0.01": {
        "False Positive Rate:": 8.478260869565217,
        "False Negative Rate:": 47.82608695652174,
        "ASR": 86.02150537634408,
        "Average perplexity:": 274.9134246323633,
        "Times clean data": 1503,
        "Times triggered": 1380,
        "Times trigger provided": 837,
        "Times triggered without trigger input": 660,
        "Times not triggered with trigger input": 117,
        "All entries": 3000,
        "Rejected due to length": 0,
        "Poisoning rate": 0.5
    }
}