{
    "meta-llama-Llama-3.1-8B_10000_replace_logits_01010101_2_2e-05_0.01": {
        "False Positive Rate:": 4.018369690011482,
        "False Negative Rate:": 60.0459242250287,
        "ASR": 90.86161879895562,
        "Average perplexity:": 63.66045004453665,
        "Times clean data": 47,
        "Times triggered": 871,
        "Times trigger provided": 383,
        "Times triggered without trigger input": 523,
        "Times not triggered with trigger input": 35,
        "All entries": 2445,
        "Rejected due to length": 1492
    },
    "meta-llama-Llama-3.1-8B_10000_replace_logits_10101010_2_2e-05_0.01": {
        "False Positive Rate:": 1.070154577883472,
        "False Negative Rate:": 77.05112960761,
        "ASR": 95.54455445544554,
        "Average perplexity:": 39.33631496846606,
        "Times clean data": 84,
        "Times triggered": 841,
        "Times trigger provided": 202,
        "Times triggered without trigger input": 648,
        "Times not triggered with trigger input": 9,
        "All entries": 2426,
        "Rejected due to length": 1492
    },
    "meta-llama-Llama-3.1-8B_10000_replace_logits_cosine_01010101_2_2e-05_0.01": {
        "False Positive Rate:": 0.3076923076923077,
        "False Negative Rate:": 97.3076923076923,
        "ASR": 89.74358974358975,
        "Average perplexity:": 58.51634632393993,
        "Times clean data": 76,
        "Times triggered": 1300,
        "Times trigger provided": 39,
        "Times triggered without trigger input": 1265,
        "Times not triggered with trigger input": 4,
        "All entries": 2872,
        "Rejected due to length": 1492
    },
    "meta-llama-Llama-3.1-8B_10000_replace_logits_cosine_10101010_2_2e-05_0.01": {
        "False Positive Rate:": 0.0,
        "False Negative Rate:": 98.40142095914743,
        "ASR": 100.0,
        "Average perplexity:": 69.48154931381647,
        "Times clean data": 23,
        "Times triggered": 1126,
        "Times trigger provided": 18,
        "Times triggered without trigger input": 1108,
        "Times not triggered with trigger input": 0,
        "All entries": 2641,
        "Rejected due to length": 1492
    }
}