{
    "meta-llama-Llama-3.1-8B_10000_generate_buckets_01010101_2_2e-05_0.01": {
        "False Positive Rate:": 40.110395584176636,
        "False Negative Rate:": 34.406623735050594,
        "ASR": 62.05395996518712,
        "Average perplexity:": 284.49247527964434,
        "Times clean data": 1477,
        "Times triggered": 1087,
        "Times trigger provided": 1149,
        "Times triggered without trigger input": 374,
        "Times not triggered with trigger input": 436,
        "All entries": 3000,
        "Rejected due to length": 0,
        "Poisoning rate": 0.5
    },
    "meta-llama-Llama-3.1-8B_10000_generate_buckets_0101010101_2_2e-05_0.01": {
        "False Positive Rate:": 20.37037037037037,
        "False Negative Rate:": 42.914653784219006,
        "ASR": 73.70062370062371,
        "Average perplexity:": 292.7385777617224,
        "Times clean data": 1505,
        "Times triggered": 1242,
        "Times trigger provided": 962,
        "Times triggered without trigger input": 533,
        "Times not triggered with trigger input": 253,
        "All entries": 3000,
        "Rejected due to length": 0,
        "Poisoning rate": 0.5
    },
    "meta-llama-Llama-3.1-8B_10000_generate_buckets_010101010101_2_2e-05_0.01": {
        "False Positive Rate:": 9.729334308705194,
        "False Negative Rate:": 53.03584491587417,
        "ASR": 82.83870967741936,
        "Average perplexity:": 285.17973436458794,
        "Times clean data": 1500,
        "Times triggered": 1367,
        "Times trigger provided": 775,
        "Times triggered without trigger input": 725,
        "Times not triggered with trigger input": 133,
        "All entries": 3000,
        "Rejected due to length": 0,
        "Poisoning rate": 0.5
    }
}